firstNames,lastNames
William,STITHIANS
John,STOKE
Thomas,STRATTON
George,TALLAND
James,TINTAGEL
Henry,TOWEDNACK
Charles,TREMAINE
Joseph,TRENEGLOS
Robert,TRESMERE
Edward,TREVALGA
Richard,TREWEN
Samuel,TRURO
Alfred,TYWARDREATH
Frederick,VERYAN
David,WARBSTOW
Arthur,WARLEGGAN
Walter,WEEK
Edwin,WENDRON
Benjamin,WERRINGTON
Francis,WHITSTONE
Albert,WITHIEL
Daniel,ZENNOR
Isaac,CLIMSLAND
Peter,BARRETT
Harry,MELLION
Stephen,MERRYN
Edmund,MEWAN
Frank,CAERHAYS
Tom,PENKIVEL
Michael,MINVER
Matthew,NEOT
Herbert,PINNOCK
Abraham,SAMPSON
Alexander,LAUNCESTON
Mark,BRANNEL
Frederic,SALTASH
Andrew,TEATH
Philip,LAUNCESTON
Jonathan,TUDY
Christopher,VEEP
Evan,WENN
Jesse,WINNOW
Hugh,"ADVENT: Roberts, Rowe and Scott (2) [Total number of register entries = 42]"
Joshua,"ALTARNUN: Coombe, Rowe and Venning (9); Burnard and Herring (8) [No.= 209]"
Lewis,"ANTONY: Rogers (7); Bailey, Mitchell and Stephens (6); Dawe and Lyne (5) [No.= 414]"
Ralph,BLISLAND: Hoskin (9); Chapman and Rogers (4) [No.= 116]
Josiah,BOCONNOC: Champion and Roberts (3) [No.= 62]
Jacob,"BODMIN: Williams (16); Hawke (10); Clymo, Cowle and Roberts (8) [No.= 529]"
Eli,BOTUSFLEMING: Barrett and Rickard (3) [No.= 88]
Reuben,BOYTON: Bailey and Featherstone (3) [No.= 44]
Patrick,BRADDOCK: Haley and Harding (5) [No.= 84]
Owen,BREAGE: Williams (51); Richards (45); Thomas (37); James and Symons (28) [No.= 793]
Amos,BUDOCK: Thomas (18); Medlyn (17); Rowe (8): Pellow (7) [No.= 379]
Elijah,CALLINGTON: Bullen (8); Burt (7); Treise (6); Slade (5) [No.= 202]
Moses,CALSTOCK: Collings and Williams (10); Doidge (9); Barrett (7); Cock (6) [No.= 313]
Job,CAMBORNE: Bennetts (43); Hocking (25); Richards (23); Rowe (20); Vivian (19) [No.= 699]
Enoch,"CARDINHAM: Coppin (9); Harris, Lang and Saunders (6) [No.= 165]"
Sidney,"COLAN: Solomon (10); Parkyn, Trebilcock, White and Williams (4) [No.= 106]"
Fred,"CONSTANTINE: Roberts (29); Rowe (27); Toy (19); Pascoe (14), Symons (9) [No.= 400]"
Martin,CORNELLY: James (5); Solomon (4); Husband and Teague (3) [No.= 95]
Cornelius,CRANTOCK: Stephens (7); Rillstone (6); Nicholls (5); May and Morrish (4) [No.= 139]
Anthony,"CREED: Harris and Pardew (6); Croggan, Ham, Nancarrow, Watts and Williams (5) [No.= 244]"
Ernest,CROWAN: Williams (31); Rodda (22); Thomas (16); Bosanko and Eustice (12) [No.= 539]
Jabez,CUBERT: Phillips (5); Clemow (4); Rickard and Tizzer (3) [No.= 78]
Levi,CUBY: Beard (13); Tiller and Williams (8); Thomas and Woolcock (7) [No.= 280]
Luke,CURY: Caddy and Williams (6); Thomas (5); James (4) [No.= 125]
Joe,"DAVIDSTOW: Chapman, Earle and Tucker (4) [No.= 56]"
Ebenezer,"DULOE: Clemens (7); Bowden, Broad, Hamley and Trethake (5) [No.= 201]"
Adam,"EGLOSHAYLE: Bray (6); Derry, Marshall, Olver, Strout and Worden (4) [No.= 238]"
Jeremiah,EGLOSKERRY: Hawke and Pearce (4); Geake and Searle (3) [No.= 80]
Sam,ENDELLION: Guy (13); Thomas (11); Brown (10); Bishop and Hambly (7) [No.= 335]
Nicholas,FALMOUTH: Williams (29); Pascoe (28); Richards (22); Thomas (21); Hocking and Rowe (15) [No.= 1468]
Aaron,FEOCK: Stephens (11); Harvey (10); Williams (8); Lawrence and Pascoe (7) [No.= 277]
Oliver,"FORRABURY: Gard (8); Keales (5), Hoskyn and James (4) [No.= 118]"
Timothy,"FOWEY: Redding, Thomas and Williams (5); Cullum (4) [No.= 302]"
Nathaniel,"GERMOE: Richards (9); Williams (6); Carter, Cornish and Harry (4) [No.= 101]"
Edgar,"GERRANS: Pascoe (17); Jennings (15); Bennet, Harris and Sawle (10) [No.= 283]"
Emanuel,GORRAN: Pill (9); Francis and Oliver (8); Pomery (7) [No.= 261]
Leonard,GRADE: Harris (7); Oliver and Thomas (6) [No.= 92]
Noah,GUNWALLOE: James (6); Hendy and Richards (5) [No.= 98]
Griffith,"GULVAL: Donithorne and Nicholls (12); Eddy, Richards and Rowe (9) [No.= 267]"
Jonas,GWENNAP: Michell (30); Williams (29); Bray (24); Nicolls (21); Bawden (18) [No.= 907]
Allen,GWINEAR: Michell (28); Thomas (19); Williams (18); Floyd (15); Pearce (10) [No.= 384]
Ephraim,GWITHIAN: Cock (13); Hockin (12) [No.= 87]
Nathan,"HELLAND: Blake, Hambly and Lobb (3) [No.= 115]"
Elias,"HELSTON: Williams (21); Thomas (20), Pascoe (17); Richards (16); James (11) [No.= 781]"
Ambrose,ILLOGAN: Rogers (24); Richards (22); Thomas (21); Michell (17); Pearce (16) [No.= 655]
Caleb,SCILLY: Hicks (29); Jenkin (26); Pender and Ellis (17); Nance (16) [No.= 486]
Dennis,JACOBSTOW: Pearce (7); Hooper (6); Baker and Rowe (5) [No.= 143]
Rees,"KEA: Stephens (7); Williams (6); Behenna, Crago and Webber (5) [No.= 292]"
Solomon,KENWYN: Roberts (22); Sando (20); Williams (18); James and Northey (17) [No.= 1125]
Rowland,"KILKHAMPTON: Ching (8); Heddon (6); Barry, Elliot and Osborn (5) [No.= 244]"
Horace,LADOCK: Courtney and Williams (6); James and Thomas (5) [No.= 213]
Ellis,"LAMORRAN: Bice, May and Penrose (2) [No.= 50]"
Abel,LANDEWEDNACK: Richards (8); Harvey (5); Michel (4) [No.= 57]
Louis,"LANDRAKE: Roberts (8); Jeffery and Williams (7); Hosking, Parsons and Spiller (4) [No.= 240]"
Phillip,LANDULPH: Barrett and Lee (9); Sambells (8); Scantlebury (5) [No.= 176]
Isaiah,LANEAST: Hender and Venning (3); Burnard and Rowe (2) [No.= 42]
Roger,LANHYDROCK: George and Woolcock (4) [No.= 64]
Simeon,LANIVET: Thomas (15); Hambly and Rowe (8); Hocken (6); Marshall (5) [No.= 234]
Paul,"LANLIVERY: Treleaven (11); Hill (7); Hick and Littleton (6), Phillips (4) [No.= 214]"
Ben,LANREATH: Willcock (8); Stephens (7); Tamblinson and Tom (6) [No.= 146]
Morgan,LANSALLOS: Jasper (10); Pearce (8); Langmaid (7); Rowe and Barret (6) [No.= 230]
Simon,"LANTEGLOSD: Cock (13); Brown (8); Pope (7); Cook, Cornelius and Davy (6) [No.= 296]"
Sydney,"FOWEY: Cossentine, Hoppin, Jane, May and Wilcock (5) [No.= 206]"
Lawrence,LAUNCELLS: Gliddon (7); Yeo (5); Row and Hayman (4) [No.= 161]
Augustus,LAUNCESTON: Smith (10); Harris and Lane (7); Deacon and Row (6) [No.= 493]
Clement,LAWHITTON: Holman (6); Langman (4) [No.= 93]
Bernard,LELANT: Uren (27); Stevens (22); Thomas (19); Richards (18); Hosking (16) [No.= 393]
Morris,LESNEWTH: Symons and Trink (3) [No.= 38]
Wilson,"LEWANNICK: Daw (11); Cornish, Evans, Jenkin, Sleep and Wills (6) [No.= 163]"
Squire,"LEZANT: Sargent (11); Coomb, Gist and Littlejohn (6); Geake and Pellow (5) [No.= 213]"
Sampson,"LINKINHORNE: Caunter and Pearse (7); Bartlett, Budge and Chapman (6) [No.= 257]"
Archibald,LISKEARD: Rogers (21); Row (12); Stephens (12); Moon (11); Hobling (9) [No.= 728]
Theophilus,PETHERICK: Bray (3) [No.= 42]
Israel,"LOSTWITHIEL: Philp (7); Williams (6); Collins, Haley and Westlake (4) [No.= 244]"
Ezra,LUDGVAN: Thomas (25); Williams (22); Chellew (15); Hosking and Roberts (14) [No.= 394]
Seth,"LUXULYAN: Grose (9); Nichols, Roach and Udy (8); Harris (6) [No.= 225]"
Dan,"MABE: Collins (5); Francis, Halvoso, Medlyn and Rogers (4)) [No.= 91]"
Gilbert,"MADRON: Thomas (31), Richards (28), Rowe (26), James and Williams (25) [No.= 1406]"
Horatio,MAKER: Oliver (12); Stephens (11); Vallack (10); Couch (9); Matthews (8) [No.= 710]
Jonah,MANACCAN: Williams (10); John (6); Roberts (5); Retallack and Saunders (4) [No.= 226]
Humphrey,"MARHAMCHURCH: Petherick (5); Elliott (4); Box, Ham and Webb (3) [No.= 111]"
Miles,MAWGAN: Williams (15); James (9); Hancock (8); Richards and Rogers (7) [No.= 258]
Silas,MAWGAN: Benny (8); Dungey and Whitford (6); Hobb and Williams (5) [No.= 159]
Elisha,"MAWNAN: Downing (15); Pascoe (11); Christophers, Harris, Stephens and Thomas (5) [No.= 160]"
Maurice,MENHENIOT: Rowe and Snell (10); Hancock (9); Stephens (7) [No.= 328]
Hiram,MERTHER: Richards (5); Lilly (4); Mugford (3) [No.= 61]
Joel,MEVAGISSEY: Thomas (17); Smith (15); Dunn (14); Ball (13); Robins (11) [No.= 506]
Uriah,MICHAELSTOW: Hawken and Hocken (4) [No.= 74]
Wright,MINSTER: Gard (6); Keales (3) [No.= 61]
Percy,MORVAH: Trembath (5); Daniel and Eddy (3) [No.= 34]
Vincent,MORVAL: Olver (11); Pearce (5) [No.= 152]
Reginald,"MORWENSTOW: Vinson (7); Ashton, Cottle, Gay and Gliddon (6) [No.= 217]"
Septimus,"MULLION: Mundy, Lawrence and Thomas (7) [No.= 150]"
Enos,"MYLOR: Stephens (12); George, Richards and Thomas (8); Collins and Harvey (5) [No.= 364]"
Harold,NEWLYN: Harris (11); Glanvil (9); Roberts (8); Trenerry (7); May (6) [No.= 246]
Allan,"HILL: Coumbe, Harris and Harvey (7); Bennett and Hawke (6) [No.= 233]"
Felix,PETHERWIN: Reed (8); Pearse (7); Gilbert (6); Gregory and Wroath (5) [No.= 227]
Johnson,"TAMERTON: Furse (4); Bickle, Bridgman and Philp (3) [No.= 79]"
Mathew,OTTERHAM: Jenkin and Moyse (3) [No.= 58]
Bartholomew,PADSTOW: Martin and Nance (8); Burd (7); Pearse and Williams (6) [No.= 314]
Theodore,PAUL: Pentreath (26); Richards and Tonkin (22); Harvey (20); Matthews (17) [No.= 634]
Austin,PELYNT: Hill (7); Jago and Slade (6); Hawke and Tregenna (5) [No.= 188]
Edmond,PERRANARWORTHAL: Williams (10); Martin (9); Cornish (7); Spargo and Trengove (6) [No.= 185]
Adolphus,"PERRANUTHNOE: Laity and Rowe (8); Richards, Stephens and Symons (6) [No.= 151]"
Smith,PERRANZABULOE: Michell (18); Richards (11); Bennet (10); Jenkin (10); Harris and May (9) [No.= 532]
Robinson,"PHILLACK: Wearne (12); Mitchell (11); Gilbert (8); Harris, Hockin and Hoskin (7) [No.= 252]"
Absalom,PHILLEIGH: Collett and Davey (6); Bennett and Pascoe (4) [No.= 111]
Valentine,PILLATON: Cloak (5); Jeffery and Littlejohn (3) [No.= 111]
Jenkin,"POUGHILL: Harris, Rowland and Short (4) [No.= 92]"
Lionel,POUNDSTOCK: Bray and Mark (5); Hacker and Smeeth (4) [No.= 161]
Harrison,PROBUS: Annear (10); Harris (8); Rowe and Stanaway (6) [No.= 199]
Howard,QUETHIOCK: Rogers (10); Garland and Lamerton (6) [No.= 189]
Hubert,"RAME: Spriddell (10); Booth (7); May (5); Langdon, Moor and Vercoe (4) [No.= 210]"
Matthias,"REDRUTH: Williams (42); Michell (41); Thomas (31); Johns (23); Cocking (17) [No.= 1,098]"
Cuthbert,ROCHE: Dyer (21); Cock (16); Stephens (10); Brokenshire and Phillips (9) [No.=236]
Giles,"RUANLANIHORNE: Thomas (5); Blamey (4); Crocker, Daniel and Stephens (3) [No.= 114]"
Shadrach,"SANCREED: Hosken (21); Nicholas (10); Ellis (7); Rodda, Rowe and Warren (6) [No.= 218]"
Wilfred,"SENNEN: Nicholas (13); Humphry (7); Dennis, George, Roberts and Row (6) [No.= 149]"
Hartley,"SHEVIOCK: Martin and Warren (4); Baber, Harris, Phillips and Stephens (3) [No.= 140]"
Jim,SITHNEY: Pascoe (36); Richards (20); Williams (13); James and Thomas (11) [No.= 436]
Douglas,HILL: Bennett (7); Grills (4) [No.= 134]
Ezekiel,PETHERWIN: Batten (7); Harvey and Roose (6); Congdon (5); Hawke and Mitchell (4) [No.= 211]
Jasper,AGNES: Tonkin (24); Martin (21); Williams (20); Paul (19); James (18) [No.= 727]
Llewellyn,ALLEN: James and Jory (7); Harris (5); Charles (4) [No.= 137]
Wallace,"ANTHONY: Williams (6); John, Nicholls, Retallack and Saunders (3) [No.= 91]"
Lot,ANTHONY: Oxenbury (2) [No.= 31]
Arnold,AUSTELL: Stephens (28); Williams (21); Hancock (19); Rosevear (17); Hore and Thomas (15) [No.= 945]
Denis,"BLAZEY: Baker, Beale, Eliot, Geach, Giles and Rundle (3) [No.= 99]"
Donald,BREOCK: Buscombe (8); Key (7); Martin and Williams (6) [No.= 255]
Gabriel,BREWARD: Greenway and Hawken (5); Matthews (4) [No.= 88]
Howell,BURYAN: Richards and Williams (12); Nicholas and Tonkin (9); Thomas (8) [No.= 292]
Samson,"CLEER: Kingdon and Sibly (7); Lyne, Mildren and Rowe (6) [No.= 272]"
Titus,"CLEMENT: Allen (10); James (8); Tregaskis (7); Cock, May and Thomas (5) [No.= 300]"
Abram,CLETHER: Venning (4) [No.= 35]
Hezekiah,MAJOR: Stephens (9); Brewer and Rowe (7) [No.= 444]
Laurence,COLUMB: Ellery (10); Martyn (9); Stephens (8); Whitford and Williams (7) [No.= 309]
Walker,"DENNIS: Osbourne (7); Brokenshire, Cundy and Grigg (6) [No.=132]"
Christian,DOMINICK: Bennett and Martyn (6); Fletcher (5) [No.= 153]
Harvey,"ENODER: Williams (8); May (7); Francis, Hooper, Jenkyn and Martyn (6) [No.= 242]"
Julius,ERME: Richards and Roberts (4); Carveth and Casier (3) (No.=101]
Oswald,ERTH: Wearn (16); Blight (12); Tremelling (9); Hockin (7); Phillips and Trevascus (6) [No.= 256]
Stanley,"ERVAN: Brewer (13); Hicks (5); Gill, James and Strongman (4) [No.= 118]"
Watkin,"EVAL: Hicks (5); Bilkey, Eplett, Kent and Leverton (4) [No.= 102]"
Marshall,EWE: Williams (10); Vercoe (8); James (7); Harris and Truscott (6) [No.= 322
Oscar,GENNYS: Bray (12); Marshall (10); Stacy (9); Smeeth (7); Rogers (5) [No.= 162]
Spencer,GERMANS: Rogers (12); Austen and Stephens (10); Lobb (9); Hicks and Pearce (8) [No.= 610]
Thompson,GLUVIAS: Nicholas (25); Thomas (21); Michell and Williams (17); Richards (16) [No.= 1001]
Watson,HILARY: Williams (19); King (15); Thomas (13); Hill and James (11) [No.= 676]
Godfrey,ISSEY: Gill (8); Hawkins and Trebilcock (6); Warne and Williams (5) [No.= 172]
Zachariah,IVE: Hoskin (11); Henwood (7); Bennet (6); Short (5) [No.= 164]
Dick,IVES: Stevens (26); Thomas (23); Williams (22); Richards (18); Harry (17) [No.= 595]
Esau,JOHN: Ball (4) [No.= 54]
Llewelyn,JULIOT: Bath (4) [No.= 32]
Obadiah,PENWITH: Williams (55); Thomas (34); Warren (27); Grenfell (25); Oats (22) [No.= 860]
Percival,ROSELAND: Jenkin (13); Pascoe (11); Pearce and Vincent (9); Hocking (8) [No.= 353]
Alan,KEVERNE: Williams (35); Roberts (24); James (17); Nicholls (16); Richards and Martin (15) [No.= 591]
Nelson,"KEW: Thomas (9); Brown, Inch and Martyn (7); Worden (5) [No.= 288]"
Nehemiah,KEYNE: Hicks (8); Worden (4); Hancock and Little [No.= 104]
Mary,LEVAN: Richards (7); Thomas (6); Jeffrey (5) [No.= 84]
Elizabeth,MABYN: Hamley (7); Martyn and Menhennick (4) [No.= 147]
Sarah,"MARTIN: (includes East Looe): Bray, Collins and Olver (6); Kite and Williams (5) [No.= 305]"
Ann,MARTINE: Johns (6); Williams (3) [No.= 70]
Jane,Papel
Emma,Downing
Eliza,Drumright
Ellen,Drumwright
Margaret,Gilligan
Hannah,Johnson
Emily,Watkins
Martha,Powers
Alice,Smith
Harriet,Brown
Maria,Baggett
Louisa,Blackwell
Fanny,Sardinia
Charlotte,McCarrick
Caroline,Taylor
Catherine,Williams
Frances,Wilson
Isabella,Davies
Anne,Thompson
Lucy,Wright
Amelia,Walker
Susan,White
Esther,Jacksn
Rebecca,Lincoln
Susannah,Hall
Eleanor,Clarke
Matilda,Cambell
Clara,Doherty
Agnes,Stewart
Julia,Graham
Catharine,Hamilton
Harriett,McKinley
Anna,Murray
Rachel,Hughes
Lydia,Anderson
Sophia,Mitchell
Susanna,Harding
Betsy,Ingram
Ruth,Jenkins
Selina,Driscoll
Grace,Meyer
Kate,Fischer
Annie,Hoffman
Helen,Weber
Nancy,KEYNE: Hicks (8); Worden (4); Hancock and Little [No.= 104]
Henrietta,LEVAN: Richards (7); Thomas (6); Jeffrey (5) [No.= 84]
Phoebe,MABYN: Hamley (7); Martyn and Menhennick (4) [No.= 147]
Rose,"MARTIN: (includes East Looe): Bray, Collins and Olver (6); Kite and Williams (5) [No.= 305]"
Betsey,MARTINE: Johns (6); Williams (3) [No.= 70]
Jemima,Papel
Betty,Downing
Edith,Drumright
Priscilla,Drumwright
Laura,Gilligan
Jessie,Johnson
Rosa,Watkins
Bridget,LUDGVAN: Thomas (25); Williams (22); Chellew (15); Hosking and Roberts (14) [No.= 394]
Amy,"LUXULYAN: Grose (9); Nichols, Roach and Udy (8); Harris (6) [No.= 225]"
Dorothy,"MABE: Collins (5); Francis, Halvoso, Medlyn and Rogers (4)) [No.= 91]"
Dinah,"MADRON: Thomas (31), Richards (28), Rowe (26), James and Williams (25) [No.= 1406]"
Lavinia,MAKER: Oliver (12); Stephens (11); Vallack (10); Couch (9); Matthews (8) [No.= 710]
Rhoda,MANACCAN: Williams (10); John (6); Roberts (5); Retallack and Saunders (4) [No.= 226]
Ada,"MARHAMCHURCH: Petherick (5); Elliott (4); Box, Ham and Webb (3) [No.= 111]"
Rosina,MAWGAN: Williams (15); James (9); Hancock (8); Richards and Rogers (7) [No.= 258]
Harriot,MAWGAN: Benny (8); Dungey and Whitford (6); Hobb and Williams (5) [No.= 159]
Georgiana,"MAWNAN: Downing (15); Pascoe (11); Christophers, Harris, Stephens and Thomas (5) [No.= 160]"
Adelaide,MENHENIOT: Rowe and Snell (10); Hancock (9); Stephens (7) [No.= 328]
Phebe,MERTHER: Richards (5); Lilly (4); Mugford (3) [No.= 61]
Barbara,MEVAGISSEY: Thomas (17); Smith (15); Dunn (14); Ball (13); Robins (11) [No.= 506]
Florence,MICHAELSTOW: Hawken and Hocken (4) [No.= 74]
Hester,MINSTER: Gard (6); Keales (3) [No.= 61]
Christiana,MORVAH: Trembath (5); Daniel and Eddy (3) [No.= 34]
Ellin,MORVAL: Olver (11); Pearce (5) [No.= 152]
Rosanna,"MORWENSTOW: Vinson (7); Ashton, Cottle, Gay and Gliddon (6) [No.= 217]"
Marian,"MULLION: Mundy, Lawrence and Thomas (7) [No.= 150]"
Leah,"MYLOR: Stephens (12); George, Richards and Thomas (8); Collins and Harvey (5) [No.= 364]"
Georgina,NEWLYN: Harris (11); Glanvil (9); Roberts (8); Trenerry (7); May (6) [No.= 246]
Naomi,"HILL: Coumbe, Harris and Harvey (7); Bennett and Hawke (6) [No.= 233]"
Miriam,PETHERWIN: Reed (8); Pearse (7); Gilbert (6); Gregory and Wroath (5) [No.= 227]
Isabel,"TAMERTON: Furse (4); Bickle, Bridgman and Philp (3) [No.= 79]"
Rosetta,OTTERHAM: Jenkin and Moyse (3) [No.= 58]
Rachael,Wheeler
Kezia,Chapman
Mercy,Inman 
Janet,Baxter
Angelina,Brewster
Thirza,Lister
Augusta,Stringfellow
Letitia,Wainwright
Harriott,Foster
Joanna,Arkwright
Helena,Dempster
Bertha,Kitchener
Sally,Coward
Deborah,Fitz
Jennet,Hurst
Johanna,Shaw
Sabina,Townsend
Teresa,Cruikshank
Gertrude,Moody
Theresa,Tait
Cecilia,Barson
Phillis,Barstow
Bessy,Bart
Abigail,Bartell
Celia,Barten
Marianne,Barter
Katherine,Bartholomew
Nanny,Bartle
Flora,Bartlett
Prudence,Bartlette
Annis,Bartley
Olive,Barton
Patience,Bartram
Diana,Bartron
Marion,Barwick
Winifred,Bascom
Clarissa,Bascomb
Dorcas,Basden
Gwenllian,Basford
Agness,Bash
Constance,Basham
Judith,Bashford
Arabella,Basil
Hephzibah,Baskerville
Elinor,Baskett
Adah,Chapell
Honor,Chaplain
Selena,Chaplin
Amanda,Chapman
Rosannah,Chapp
Lois,Chappel
Pamela,Chappell
Adeline,Chappie
Cordelia,Chapple
Margery,Chard
Blanche,Charity
Ellenor,Charleson
Keziah,Charleston
Kitty,Charlesworth
Zillah,Charley
Josephine,Charlie
Emely,Charlton
Emmeline,Charnley
Katharine,Charnock
Margaretta,Charter
Tabitha,Charton
Annette,Chase
Lavina,Chasey
Charity,Chatelain
Victoria,Chatfield
Eunice,Chatham
Jessey,Chatman
Mahala,Chatt
Rosena,Chatten
Tamar,Chatterton
Bessey,Chattin
Faith,Chatwin
Hellen,Chauncey
Jenny,Cheadle
Lettice,Cheak
Tryphena,Cheaney
Drusilla,Cheatham
Edna,Cheatle
Levina,Cheatwood
Elenor,Check
Honora,Checketts
Bessie,Checkley
Elisabeth,Cheers
Lizzy,Cheeseman
Olivia,Cheesman
Lucretia,Cheetham
Ellinor,Cheever
Margarett,Cheevers
Marie,Chelton
Dora,Pullam
Emeline,Pullan
Gwen ,Pullen
Juliana,Pulley
Millicent,Pulley
Cecelia,Pullin
Rosamond,Pulling
Kathleen,Pullins
Mildred,Pullman
Adela,Pullum
Christina,Pulsifer
Cicely,Pulsipher
Georgianna,Pummill
Leonora,Pun
Louise,Punch
Myra,Pund
Beatrice,Punt
Maud,Purcell
Penelope,Purchase
Philippa,Purdom
Blanch,Purdon
Joan,Purdue
Thomasin,Purdy
Aarin,Abdelnour
Aaron,Abdelrahman
Aaronn,Abdi
Aarron,Abdo
Aaryn,Abdon
Ab,Abdoo
Abad,Abdou
Abalard,Abdul
Aban,Abdulla
Abba,Abdullah
Abban,Abe
Abbas,Abebe
Abbe,Abed
Abbey,Abee
Abbie,Abegg
Abboid,Abegglen
Abbot,Abeita
Abbott,Abel
Abby,Abela
Abdiel,Abele
Abdulaziz,Abeles
Abe,Abell
Abednego,Abella
Abel,Abello
Abelard,Abelman
Abelardo,Abeln
Abelhard,Abels
Abell,Abelson
Aberham,Abend
Abhay,Abendroth
Abhaya,Aber
Abhijeet,Abercrombie
Abhijit,Aberg
Abhiram,Aberle
Abhor,Aberman
Abhorson,Abernathey
Abie,Abernathy
Abijah,Abernethy
Abilard,Abert
Able,Abeyta
Abna,Abid
Abnar,Abila
Abner,Abitz
Abnor,Abke
Abo,Able
Abra,Ableman
Abrahaim,Abler
Abraham,Ables
Abrahame,Abner
Abrahamo,Abney
Abrahan,Abajian
Abraheem,Abalos
Abrahem,Abar
Abrahim,Abarca
Abrahm,Abare
Abrahon,Abascal
Abrahsa,Abate
Abram,Abato
Abramo,Abbas
Absalon,Abbasi
Abselon,Abbate
Absolom,Abbatiello
Absolum,Abbe
Abtin,Abbett
Abuna,Abbey
Acacio,Abbitt
Ace,Abbot
Acer,Abbott
Acey,Abboud
Achachak,Abbruzzese
Achan,Abbs
Achill,Abbuhl
Achille,Abby
Achillea,Abdalla
Achilleo,Abdallah
Achilles,Abdella
Achmad,Zabawa
Achmed,Zabel
Achuta,Zabielski
Acie,Zabinski
Ackley,Zabka
Acquilla,Zablocki
Acton,Zaborowski
Acura,Zaborski
Ad,Zabriskie
Adahy,Zabrowski
Adair,Zacarias
Adalai,Zaccagnini
Adalard,Zaccagnino
Adalbert,Zaccardi
Adalgiso,Zaccardo
Adalverto,Zaccaria
Adam,Zaccaro
Aaliyah,Zaccheo
Aamena,Zaccone
Aami,Zacek
Aamina,Zach
Aaminah,Zachar
Aamoir,Zacharia
Aaniyah,Zachariah
Aara,Zacharias
Aari,Zachary
Aarie,Zacher
Aariel,Zacherl
Aaries,Zachery
Aase,Zachman
Aba,Zachmann
Abagail,Zachow
Abbagail,Zachrich
Abbagale,Zachry
Abbagayle,Zack
Abbe,Zacker
Abbegail,Zackery
Abbegale,Zacks
Abbegayle,Zaczek
Abbellonna,Zadeh
Abbey,Zadra
Abbeygale,Zadroga
Abbia,Zadrozny
Abbiah,Zaeske
Abbie,Zafar
Abbiegail,Zaffino
Abbiegayle,Zaffuto
Abbigael,Zagami
Abbigail,Zagar
Abbira,Zagata
Abbrienna,Zager
Abbryana,Zagorski
Abby,Zaharias
Abbygail,Zaher
Abbygale,Zahl
Abbygayle,Zahler
Abdryann,Zahm
Abeera,Zahn
Abeerah,Zahnd
Abegail,Zahner
Abegale,Zahniser
Abegayle,Zahnow
Abeir,Zahorchak
Abeni,Zahorik
Abequa,Zahorsky
Abeque,Zahra
Aberah,Zahradka
Abey,Zahradnik
Abeytu,Zahrt
Abia,Zaidi
Abiah,Zaiger
Abiba,Zaino
Abie,Zais
Abigail,Zaiser
Abigale,Zaitz
Abigayle,Zajac
Abiir,Zajaczkowski
Abiona,Zajdel
Abir,Zajic
Abira,Zajicek
Abital,Zajkowski
Abmaba,Zak
Abra,Zakaria
Abreal,Zakarian
Abreana,Zaki
Abreanna,Zakowski
Abreanne,Zakrajsek
Abree,Zakrzewski
Abreeana,Zaks
Abreona,Zalar
Abreonia,Zaldivar
Abri,Zale
Abria,Zalenski
Abrial,Zales
Abriale,Zaleski
Abriana,Zalesky
Abriann,Zalewski
Abrianna,Zalkin
Abrielle,Zall
Abrien,Ziminski
Abrienna,Zimmel
Abrienne,Zimmer
Abril,Zimmerer
Abrille,Zimmerle
Abrion,Zimmerlee
Abryanna,Zimmerli
Abtin,Zimmerly
Acadia,Zimmerman
Acantha,Zimmermann
Achante,Zimmers
Achanti,Zimmerschied
Achazia,Zimney
Ada,Zimny
Adah,Zimpel
Adailia,Zimpfer
Adair,Zinck
Adaire,Zinda
Avlynn,Zindel
Avon,Zindler
Avril,Zingale
Avrilett,Zingarelli
Avriletta,Zingaro
Avrilette,Zinger
Avryl,Zingg
Avryla,Zingler
Avrylah,Zingsheim
Avryle,Zini
Avryleett,Zink
Avryletta,Zinke
Avryll,Zinman
Avrylla,Zinn
Avryllah,Zinna
Avrylle,Zinnecker
Avryllettah,Zinnel
Avryllette,Zinner
Awendela,Zinni
Ayala,Zinno
Ayame,Zino
Ayan,Zins
Ayana,Zinser
Ayania,Zinsmeister
Ayanna,Zinter
Ayasha,Ziobro
Ayeesha,Ziolkowski
Ayeisha,Ziomek
Ayesha,Zion
Ayisha,Zipay
Ayita,Zipf
Ayla,Zipfel
Aylah,Zipser
Aylana,Zirbel
Aylanah,Zirbes
Aylanna,Zirk
Aylannah,Zirkel
Aylea,Zirkelbach
Aylee,Zirkle
Ayleena,Zirpoli
Aylena,Zisa
Aylene,Zisk
Aylin,Ziska
Aylsah,Ziskin
Ayn,Ziskind
Ayna,Zisman
Aynsley,Zitek
Ayslin,Ziter
Ayslinn,Zitnik
Andromeda,Zito
Andros,Zurfluh
Andru,Zurick
Andrue,Zurita
Andrzej,Zurlo
Andy,Zurn
Anfernee,Zurowski
Ange,Zusman
Angel,Zussman
Angelico,Zutter
Angell,Zutz
Angelo,Zuver
Angil,Zuvich
Angus,Zwack
Angyl,Zwahlen
Anibal,Zwald
Aniceta,Zwanziger
Anicetta,Zwart
Anicetus,Zweber
Anis,Zweifel
Anish,Zweig
Anitoly,Zwerling
Anker,Zwick
Ankh haf,Zwicker
Ankhhaf,Zwicky
Ankur,Macchia
Annan,Macchio
Annas,Macchione
Anniceta,Maccini
Annicetta,MacConnell
Anoop,MacCormack
Anothony,MacCracken
Anschel,MacCubbin
Ansel,MacDermott
Anselm,MacDiarmid
Ansen,MacDonald
Anson,MacDonell
Ansonia,MacDonnell
Anstice,MacDonough
Ansun,MacDougal
Antajuan,MacDougall
Antanee,MacDowell
Antanie,MacDuff
Antavas,Mace
Antenee,MacEachern
Antenor,Macedo
Anterus,Macek
Anthan,Macera
Anthany,MacEwan
Anthey,MacEwen
Anthjuan,Macey
Anthney,MacFadden
Anthone,MacFadyen
Anthonee,MacFarland
Anthoney,MacFarlane
Anthonie,MacGeorge
Anthonio,MacGibbon
Anthonou,MacGill
Anthony,MacGillivray
Anthoy,MacGowan
Antigonus,MacGregor
Antiochus,MacGuire
Antione,Mach
Antipholus,Macha
Antjuan,Machac
Antoine,Machacek
Anton,Machado
Antoni,Machak
Antonio,Machala
Antonius,Machamer
Antony,Machan
Antuan,Machart
Anup,Machemer
Apemantus,Machen
Apenimon,Muehlberger
Apollo,Muehleisen
Apollos,Muehlhausen
Apolo,Muehling
Apolonio,Mueller
Apostolos,Muellner
Appollo,Muench
Aquarius,Muenchow
Aquil,Muenks
Aquila,Muenster
Aquilas,Muenz
Aquiles,Muenzer
Aquilino,Mues
Aquilla,Muessig
Aquille,Mueth
Aquillino,Mueting
Ara,Muetzel
Aragorn,Muff
Arali,Muffett
Aram,Muffley
Aramia,Muffoletto
Aramis,Mugavero
Aramys,Mugford
Arandis,Mugg
Alyma,Mugge
Alymah,Muggli
Alyn,Mugler
Alys,Muglia
Alysa,Muha
Alysan,Muhammad
Alyse,Muhammed
Alysen,Muhl
Alysena,Muhlbach
Alysenah,Muhlbauer
Alysene,Muhle
Alysin,Muhleman
Alysina,Muhlenkamp
Alysinah,Muhlestein
Alysine,Muhlhauser
Alyson,Muhr
Alysonah,Muhs
Alysone,Mui
Alyssa,Muilenburg
Alyssah,Muir
Alysse,Muirhead
Alysun,Muise
Alysyn,Mujica
Alysyna,Mukai
Alysynah,Mukherjee
Alysyne,Mukhopadhyay
Alythea,Mula
Alytheah,Mulac
Alythia,Mulanax
Alythiah,Mularz
Alythya,Mulberry
Alythyah,Mulcahey
Alyx,Mulcahy
Alyzan,Mulcare
Alyzana,Mulder
Alyzane,Mulderig
Alyzen,Muldoon
Alyzena,Muldowney
Alyzene,Muldrew
Alyzin,Muldrow
Alyzina,Mule
Alyzine,Mulford
Alyzyn,Mulgrew
Alyzyna,Mulhall
Alyzyne,Mulhearn
Alzina,Mulherin
Amabel,Mulhern
Amadahy,Mulheron
Amaira,Mulhollan
Amala,Mulholland
Amalah,Mulhollen
Amalburga,Mulick
Amalea,Mulka
Amaleah,Mulkern
Amalee,Mulkey
Amaleigh,Mulkins
Amaleta,Mull
Amali,Mullady
Amalia,Mullahy
Amalie,Mullally
Amalita,Mullaly
Amalitah,Mullan
Amanada,Mullane
Amanda,Mullaney
Amandah,Mullany
Amandi,Mullarkey
Amandy,Mullee
Amani,Mullen
Amar,Mullenax
Amara,Mullenbach
Amarah,Mullendore
Amarante,Mullenix
Amari,Mullennix
Amariah,Mullens
Amarie,Muller
Amaris,Mullery
Amarta,Moreira
Amarys,Morejon
Amata,Morel
Amatah,Morelan
Amaya,Moreland
Ambar,Morell
Ambarlea,Morella
Ambarlee,Morelli
Ambarlei,Morello
Ambarleigh,Morelock
Ambarley,Morelos
Ambarli,Moreman
Ambarlie,Moren
Ambarlina,Morena
Ambarline,Morency
Ambarly,Moreno
Amber,Morenz
Amberlea,Morera
Amberlee,Mores
Amberlei,Moreschi
Amberleigh,Moresco
Amberley,Moresi
Amberli,Moret
Amberlia,Moreton
Mack,Moretti
MacKay,Moretto
Mackenzie,Moretz
Mackenzy,Morey
Mackey,Morfin
Mackie,Morfitt
Mackinley,Morford
Mackinzie,Morga
Maclain,Morgado
Maclean,Morgan
Macleane,Morganelli
Macmorris,Morgano
Macomb,Morgans
Macon,Morganstein
Macy,Morganstern
Madac,Morgante
Madai,Morganti
Madan,Morgart
Madden,Morgen
Maddin,Morgenroth
Maddison,Morgensen
Maddock,Morgenstein
Maddocks,Morgenstern
Maddox,Morgenthaler
Maddy,Morgese
Maddyn,Morgeson
Maden,Morgillo
Madhav,Morgret
Madin,Mori
Madison,Moriarity
Madoc,Moriarty
Madock,Morice
Madog,Morici
Madox,Moriconi
Madyn,Morie
Maemi,Morikawa
Magar,Morillo
Magarious,Morimoto
Magee,Morin
Maggy,Morine
Maghnus,Moring
Magic,Morini
Magik,Morino
Magikos,Morioka
Magique,Moris
Magnar,Morisette
Magne,Morishige
Magnes,Morishita
Magnum,Morison
Magnus,Morisset
Magnuson,Morissette
Magnuss,Morita
Maguire,Moritz
Magyar,Moriyama
Mahabala,Mork
Mahahn,Morken
Mahan,Morlan
Mahand,Morland
Mahatma,Morley
Mahavira,Morlock
Mahde,Morman
Mahdee,Mormann
Mahdi,Mormile
Montraie,Mormino
Montray,Morneau
Montraye,Morneault
Montrel,Morning
Montrell,Morningstar
Montrelle,Moro
Montroce,Morocco
Montros,Moron
Montrose,Morone
Monty,Morones
Moore,Moroney
Mooreland,Morong
Moorland,Moroni
Moorlande,Iaccarino
Mór,Iacobelli
Moray,Iacobucci
Mordecai,Iacona
Mordechai,Iacono
Mordock,Iacovelli
Mordy,Iacovone
More,Iadarola
Moreland,Iadevaia
Morets,Iafrate
Morey,Iams
Morgan,Iandoli
Moriarty,Iannaccone
Móric,Iannacone
Morio,Iannarelli
Moritz,Iannelli
Moritza,Iannello
Moritzio,Iannetta
Moriz,Ianni
Morland,Ianniello
Morlande,Iannone
Morlee,Iannotti
Morleigh,Iannucci
Morley,Iannuzzi
Morly,Iantosca
Moroney,Iaquinta
Moroni,Iaquinto
Morony,Iarussi
Morpheus,Iavarone
Morrell,Ibach
Morrie,Ibanez
Morris,Ibarra
Morrisen,Ibbotson
Morrison,Ibe
Morrs,Ibrahim
Morry,Ibsen
Morrysen,Icard
Morryson,Ice
Morse,Icenhour
Mort,Icenhower
Mortemer,Icenogle
Morten,Ichikawa
Mortimer,Icke
Morton,Ickes
Morty,Ida
Mortymer,Iddings
Mortyn,Ide
Morven,Ideker
Mose,Idell
Moses,Idema
Moshe,Iden
Mosheh,Ideus
Mosie,Idle
Moss,Idleman
Mostafa,Idler
Mostafah,Idol
Mostaffa,Idris
Mosya,Ierardi
Motega,Iezzi
Mountgomery,Iffland
Mowgli,Ifft
Moy,Ifill
Moyes,Igarashi
Moyse,Ige
Mu-nan,Igel
Mugen,Iglehart
Muhammad,Igleheart
Muhammed,Iglesia
Muhammod,Iglesias
Mukasa,Ignacio
Mukki,Ignasiak
Mukta,Ignatius
Mukul,Ignatowski
Mukunda,Igo
Mulder,Igoe
Michaelina,Igou
Michaeline,Iha
Michal,Ihde
Michelina,Ihle
Micheline,Ihlenfeld
Michell,Ihlenfeldt
Michella,Ihm
Michelle,Ihnat
Michellene,Ihnen
Michelyn,Ihrig
Michi,Ihrke
Michiko,Iiams
Mickey,Iida
Midge,Ijames
Midori,Ijams
Mieko,Ikard
Miette,Ike
Migina,Ikeda
Migisi,Ikehara
Mignon,Ikeler
Mignonne,Ikenberry
Migonette,Ikerd
Migonn,Ikner
Migonne,Ilacqua
Miguela,Ilagan
Mihoko,Itkin
Mika,Ito
Mikaela,Itoh
Mikaeli,Ittner
Mikhaeli,Iturralde
Miki,Itzen
Mil,Itzkowitz
Mila,Iuliano
Milan,Ivan
Mildraed,Ivancic
Mildred,Ivanoff
Mildrid,Ivanov
Mildryd,Ivans
Milena,Ivens
Mili,Ivers
Milina,Iversen
Milissa,Iverson
Milla,Ivery
Milley,Ives
Milli,Iveson
Millicent,Ivester
Millie,Ivey
Millisent,Ivie
Milly,Ivins
Mily,Ivory
Mimi,Ivy
Mims,Iwai
Mimsie,Iwamoto
Mimsy,Iwan
Min,Iwanicki
Mina,Iwanowski
Minah,Iwanski
Minako,Iwasaki
Minda,Iwata
Mindel,Iwen
Mindy,Iwinski
Mine,Iyengar
Minelli,Iyer
Minerva,Izaguirre
Minetta,Izard
Minette,Izatt
Mingmei,Izbicki
Mingmey,Izer
Mink,Izquierdo
Minka,Izumi
Minna,Izzard
Minnah,Izzi
Minnie,Qadir
Minny,Qasim
Mint,Qazi
Minta,Qi
Mintha,Qian
Mio,Qiao
Mira,Qin
Mirabel,Qiu
Mirabella,Qu
Mirabelle,Quaas
Mirable,Quach
Miranda,Quackenbush
Mireille,Quade
Mirella,Quaderer
Mirelle,Quadri
Mirem,Quadros
Miremba,Quaglia
Mireya,Quagliata
Miri,Quaid
Miriam,Quaife
Mirielle,Quail
Mirila,Quain
Mirjam,Quaintance
Mirna,Quakenbush
Mirth,Quale
Mirtle,Qualey
Miryam,Quall
Misako,Qualley
Obiajulu,Qualls
Obie,Qualman
Obsidian,Qualters
Oburahn,Quam
Ocean,Quamme
Oceana,Quan
Oceane,Quanbeck
Oceanus,Quance
Ochen,Quandt
Octavia,Quang
Octavian,Quann
Octavio,Quant
Octavius,Quante
Octavus,Quantz
Octha,Quaranta
Oda,Quaranto
Odakota,Quarles
Odall,Quarnstrom
Odan,Quarry
Oddo,Quartararo
Oddvar,Quarterman
Ode,Quarto
Odea,Quartuccio
Oded,Quast
Odeda,Quate
Odele,Quattlebaum
Odell,Quattro
Oden,Quattrocchi
Odessa,Quattrochi
Odette,Quattrone
Odhran,Quattrucci
Odie,Quave
Odil,Quay
Odilon,Quayle
Odin,Que
Odina,Quealy
Odion,Quebedeaux
Odis,Quebodeaux
Odo,Queen
Odoh,Queenan
Odon,Queener
Odran,Queeney
Odren,Queer
Odrin,Quell
Odron,Quella
Odryn,Quenneville
Odyll,Quenzer
Odysseus,Quercia
Offa,Querin
Ogden,Querry
Oggie,Quertermous
Ogilvie,Query
Ogilvy,Quesada
Ogima,Quesenberry
Oguz,Quesinberry
Ohanna,Quesnel
Ohanze,Quesnell
Ohanzee,Quest
Ohio,Quevedo
Oihane,Quezada
Oisin,Quiambao
Oistan,Quick
Oisten,Quickel
Oistin,Quickle
Oja,Quidley
Ojal,Quier
Okal,Quiett
Okalani,Quigg
Okan,Quiggins
Yael,Quiggle
Yago,Quigley
Yahir,Quijada
Yahto,Quillan
Yahya,Quillen
Yair,Quiller
Yakim,Quilliam
Yakov,Quillian
Yale,Quillin
Yamal,Quilling
Yamin,Quillman
Yan,Quilter
Yanaton,Quilty
Yance,Quimby
Yancey,Quin
Yancy,Quinby
Yanis,Quince
Yank,Quincey
Yanknv,Quincy
Yann,Quine
Yannakis,Quinlan
Yanni,Quinley
Yannic,Quinlin
Yannick,Quinlivan
Yannis,Quinn
Yanoach,Quinnell
Yantsey,Quinney
Yao,Quinones
Yaphet,Quinonez
Yapheth,Quint
Yarb,Quintal
Yardlea,Quintana
Yardlee,Quintanar
Yardleigh,Quintanilla
Yardley,Quintela
Yardly,Quinter
Yarin,Quintero
Yaron,Quinteros
Yas,Quintiliani
Yasahiro,Quintin
Yasar,Quinto
Yasashiku,Quinton
Yaser,Quintrell
Yash,Quiram
Yashodhara,Quirarte
Yashovarman,Quire
Yashpal,Quirin
Yasin,Quiring
Yasir,Quirino
Yaso,Quirion
Yasser,Quirk
Yassir,Quirke
Yasuo,Quiroga
Yates,Quiros
Yauvani,Quiroz
Yazid,Quisenberry
Ye,Quispe
Yeats,Quist
Yechezkel,Quitter
Yedidiyah,Quon
Yedidya,Quraishi
Yegor,Qureshi
Yehosha,Waack
Yehuda,Waag
Yehudah,Waage
Yehudi,Waak
Yemon,Waalkes
Yen,Waara
Yengeny,Waas
Yeoman,Waber
Yered,Wable
Yerik,Wacaster
Yervant,Wacek
Yeshaya,Wach
Yeska,Wacha
Yesus,Wachal
Yevgeni,Wachholz
Yevgenij,Wachob
Yevgeniy,Wachowiak
Yevgeny,Wachowicz
Yiannis,Wachowski
Yigit,Wachs
Yihya,Wachsman
Yirmeyah,Wachsmuth
Yitran,Wachtel
Yitro,Wachter
Yitzchak,Wachtler
Yitzhak,Wachtman
Yngvar,Wack
Yo,Wacker
Yobachi,Wackerle
Yoel,Wackerly
Yogendra,Wackerman
Yaa,Waclawski
Yaala,Wactor
Yaalat,Wada
Yaara,Wadas
Yaari,Waddel
Yaarit,Waddell
Yachi,Waddey
Yachiko,Waddill
Yachiya,Wadding
Yachna,Waddingham
Yachne,Waddington
Yadira,Waddle
Yadra,Waddoups
Yael,Waddy
Yaela,Wade
Yaella,Wadel
Yaffa,Wadell
Yahoo,Wadford
Yaile,Wadhams
Yakara,Wadhwa
Yaki,Wadhwani
Yakira,Wadkins
Yakirah,Wadle
Yaksa,Wadleigh
Yaksha,Wadler
Yale,Wadley
Yalena,Wadlington
Yalika,Wadlow
Yama,Wadman
Yamina,Wadsworth
Yaminah,Wadzinski
Yamini,Waechter
Yamni,Wafer
Yamuna,Waffle
Yanaba,Wafford
Yanaha,Wagaman
Yanira,Wagar
Yara,Wage
Yaravi,Wageman
Yardena,Wagemann
Yardenia,Wagenaar
Yardeniya,Wagenbach
Yardlee,Wagenblast
Yardleigh,Wagener
Yardley,Wagenknecht
Yardli,Wagenman
Yardlie,Wager
Yardly,Wagers
Yarenna,Wages
Yari,Wagg
Yarmilla,Waggener
Yaseana,Waggett
Yashauna,Waggle
Yashawna,Waggoner
Yashona,Waggy
Yasmeen,Wagle
Yasmin,Wagler
Yasmine,Wagley
Yasu,Wagman
Yauvani,Wagner
Yavonna,Wagnon
Yayle,Wagoner
Yayoi,Wagstaff
Yda,Wagster
Ydah,Waguespack
Ydel,Wagy
Yeardlee,Wah
Yeardleigh,Wahab
Yeardley,Wahba
Yeardli,Weems
Yeardlie,Weers
Yeardly,Weerts
Yedda,Wees
Yehudith,Weese
Yei,Weesner
Yejide,Weeter
Yekarah,Wefel
Yekaterin,Weg
Yekaterina,Wege
Yelena,Wegener
Yemimah,Weger
Yemina,Weghorst
Yenene,Weglarz
Yenesis,Wegleitner
Yenta,Wegley
Yentel,Wegman
Yentele,Wegmann
Yentil,Wegner
Yerusha,Wegrzyn
Yeseana,Wehby
Yesenia,Wehde
Yeshauna,Wehe
Yeshawna,Wehinger
Yeshona,Wehking
Yesmina,Wehle
Yetta,Wehler
Yettie,Wehling
Yetty,Wehman
Yeva,Wehmeier
Yidel,Wehmeyer
Frederic,Wehner
Andrew,Wehr
Philip,Wehrenberg
Jonathan,Wehrer
Christopher,Wehrheim
Evan,Wehring
Jesse,Wehrkamp
Hugh,Wehrle
Joshua,Wehrley
Lewis,Wehrli
Ralph,Wehrly
Josiah,Wehrman
Jacob,Wehrmann
Eli,Wehrmeister
Reuben,Wehrs
Patrick,Wehrung
Owen,Wehry
Amos,Wehunt
Elijah,Wei
Moses,Weiand
Job,Weibel
Enoch,Weible
Sidney,Weibley
Fred,Weich
Martin,Weichel
Cornelius,Weichert
Anthony,Weichman
Ernest,Weicht
Jabez,Weick
Levi,Weickert
Luke,Weida
Joe,Weide
Ebenezer,Weidel
Adam,Weideman
Jeremiah,Weidemann
Sam,Weiden
Nicholas,Weidenbach
Aaron,Weidenfeller
Oliver,Weidenhamer
Timothy,Weidenhammer
Nathaniel,Weider
Edgar,Weidert
Emanuel,Weidig
Leonard,Weidinger
Noah,Weidle
Griffith,Weidler
Jonas,Weidlich
Allen,Weidman
Ephraim,Weidmann
Nathan,Wunderlin
Elias,Wunderly
Ambrose,Wunsch
Caleb,Wunschel
Dennis,Wuollet
Rees,Wuori
Solomon,Wurdeman
Rowland,Wurgler
Horace,Wurl
Ellis,Wurm
Abel,Wurst
Louis,Wurster
Phillip,Wurtele
Isaiah,Wurth
Roger,Wurts
Simeon,Wurtz
Paul,Wurtzel
Ben,Wurz
Morgan,Wurzbach
Simon,Wurzel
Sydney,Wurzer
Lawrence,Wussow
Augustus,Wuthrich
Clement,Wuttke
Bernard,Wutzke
Morris,Wyand
Wilson,Wyandt
Squire,Wyant
Sampson,Wyatt
Archibald,Wyble
Theophilus,Wyche
Israel,Wyckoff
Ezra,Wycoff
Seth,Wydra
Dan,Wyer
Gilbert,Wyers
Horatio,Wyeth
Jonah,Wyffels
Humphrey,Wygal
Miles,Wygant
Silas,Wygle
Elisha,Wyka
Maurice,Wyke
Hiram,Wykes
Joel,Wykle
Uriah,Wykoff
Wright,Wyland
Percy,Wylde
Vincent,Wyle
Reginald,Wyler
Septimus,Wyles
Enos,Wylie
Harold,Wyllie
Allan,Wyly
Felix,Wyma
Johnson,Wyman
Mathew,Wymer
Bartholomew,Wymore
Theodore,Wynder
Austin,Wyndham
Edmond,Wyne
Adolphus,Wyner
Smith,Wynes
Robinson,Wyngarden
Absalom,Wynia
Valentine,Wynkoop
Jenkin,Wynn
Lionel,Wynne
Harrison,Wynns
Howard,Wynter
Hubert,Wyre
Matthias,Wyrick
Cuthbert,Wyrzykowski
Giles,Wyse
Shadrach,Wysinger
Wilfred,Wysocki
Hartley,Wysong
Jim,Wyss
Douglas,Wyszynski
Ezekiel,Wythe
Jasper,Wyzykowski
Llewellyn,Finnerty
Wallace,Finney
Lot,Finnicum
Arnold,Finnie
Denis,Finnigan
Donald,Finnin
Gabriel,Fino
Howell,Finocchiaro
Samson,Finocchio
Titus,Finseth
Abram,Finstad
Hezekiah,Finster
Laurence,Fintel
Walker,Finton
Christian,Finucan
Harvey,Finucane
Julius,Finzel
Oswald,Fiocca
Stanley,Fiocchi
Watkin,Fiola
Marshall,Fioravanti
Oscar,Fiore
Spencer,Fiorella
Thompson,Fiorelli
Watson,Fiorello
Godfrey,Fiorentino
Zachariah,Fiorenza
Dick,Fioretti
Esau,Fiori
Llewelyn,Fiorilli
Obadiah,Fiorillo
Percival,Fiorini
Alan,Fiorino
Nelson,Fiorita
Nehemiah,Fiorito
Mary,Fiorucci
Elizabeth,Fipps
Sarah,Fire
Ann,Firebaugh
Jane,Fireman
Emma,Firestine
Eliza,Firestone
Ellen,Firkins
Margaret,Firkus
Hannah,Firman
Emily,Firment
Martha,Firmin
Alice,Firpo
Harriet,First
Maria,Firth
Louisa,Fiscella
Fanny,Fisch
Charlotte,Fischbach
Caroline,Fischbeck
Catherine,Fischbein
Frances,Fischel
Isabella,Fischer
Anne,Fischetti
Lucy,Fischl
Amelia,Fischler
Susan,Fischman
Esther,Fisco
Rebecca,Fiscus
Susannah,Fiser
Eleanor,Fisette
Matilda,Fish
Clara,Fishback
Agnes,Fishbaugh
Julia,Fishbeck
Catharine,Fishbein
Harriett,Fishburn
Anna,Fishburne
Rachel,Fishel
Lydia,Fishell
Sophia,Fisher
Susanna,Fishkin
Betsy,Fishler
Ruth,Fishman
Selina,Fishwick
Grace,Fisk
Kate,Fiske
Annie,Fisler
Helen,Fiss
Nancy,Fissel
Henrietta,Fister
Phoebe,Fistler
Rose,Fitch
Betsey,Fitchett
Jemima,Fite
Betty,Fithen
Edith,Fithian
Priscilla,Fitschen
Laura,Fitt
Jessie,Fitterer
Rosa,Fitting
Bridget,Fittipaldi
Amy,Fitton
Dorothy,Fittro
Dinah,Fitts
Lavinia,Fitz
Rhoda,Furney
Ada,Furnish
Rosina,Furniss
Harriot,Furno
Georgiana,Furr
Adelaide,Furrer
Phebe,Furrey
Barbara,Furrh
Florence,Furrow
Hester,Furry
Christiana,Furse
Ellin,Furst
Rosanna,Furstenberg
Marian,Furtado
Leah,Furtak
Georgina,Furtaw
Naomi,Furth
Miriam,Furtick
Isabel,Furtney
Rosetta,Furukawa
Rachael,Furuta
Kezia,Furutani
Mercy,Furuya
Janet,Fury
Angelina,Furze
Thirza,Fusaro
Augusta,Fuscaldo
Letitia,Fusco
Harriott,Fuse
Joanna,Fuselier
Helena,Fusilier
Bertha,Fusillo
Sally,Fuson
Deborah,Fuss
Jennet,Fussell
Johanna,Fusselman
Sabina,Fussner
Teresa,Fust
Gertrude,Fuster
Theresa,Fuston
Cecilia,Futch
Phillis,Futral
Bessy,Futrell
Abigail,Futter
Celia,Futterman
Marianne,Fye
Katherine,Fyfe
Nanny,Fyffe
Flora,Fyke
Prudence,Fyler
Annis,Fyock
Olive,Risinger
Patience,Risk
Diana,Riska
Marion,Riske
Winifred,Riskin
Clarissa,Risko
Dorcas,Risler
Gwenllian,Risley
Agness,Rismiller
Constance,Risner
Judith,Riso
Arabella,Rison
Hephzibah,Rispoli
Elinor,Riss
Adah,Risse
Honor,Risser
Selena,Rissler
Amanda,Rissman
Rosannah,Rissmiller
Lois,Risso
Pamela,Rist
Adeline,Ristaino
Cordelia,Ristau
Margery,Rister
Blanche,Ristine
Ellenor,Ristow
Keziah,Rita
Kitty,Ritacco
Zillah,Ritch
Josephine,Ritchey
Emely,Ritchhart
Emmeline,Ritchie
Katharine,Ritchison
Margaretta,Ritenour
Tabitha,Riter
Annette,Ritger
Lavina,Ritland
Charity,Ritner
Victoria,Ritschel
Eunice,Ritsema
Jessey,Ritson
William,Ritt
John,Rittel
Thomas,Rittenberg
George,Rittenberry
James,Rittenhouse
Henry,Rittenour
Charles,Ritter
Joseph,Ritterbusch
Robert,Ritterbush
Edward,Rittgers
Richard,Ritthaler
Samuel,Rittinger
Alfred,Rittle
Frederick,Rittman
David,Rittner
Arthur,Ritts
Walter,Ritz
Edwin,Ritzel
Benjamin,Ritzenthaler
Francis,Ritzer
Albert,Ritzert
Daniel,Ritzinger
Isaac,Ritzler
Peter,Ritzman
Harry,Riva
Stephen,Rivadeneira
Edmund,Rivard
Frank,Rivas
Tom,Rivelli
Michael,Rivenbark
Matthew,Rivenburg
Herbert,Rivenburgh
Abraham,River
Alexander,Rivera
Mark,Rivere
Lucien,Riveria
Lucio,Rivero
Lucius,Riveron
Luckas,Rivers
Luckee,Rives
Luckey,Rivest
Luckie,Rivet
Lucky,Rivett
Ludacris,Rivette
Luddovik,Riviello
Lude,Danella
Ludek,Danenberg
Ludlow,Danes
Ludlowe,Danese
Ludomir,Danesi
Ludoslaw,Daney
Ludovic,Danford
Ludovik,Danforth
Ludvic,Dang
Ludvig,Dangel
Ludwick,Danger
Ludwig,Dangerfield
Ludwik,Dangler
Lugono,Danh
Lugweg,Dani
Lugwige,Daniel
Luigi,Daniele
Luis,Danielewicz
Luister,Danieli
Luitpold,Danielian
Luka,Daniell
Lukács,Daniels
Lukas,Danielsen
Luke,Danielski
Lukes,Danielson
Lukian,Daniely
Lukianos,Danis
Lukman,Danish
Lukus,Danison
Lukyan,Danke
Lulani,Dankel
Lun,Dankenbring
Lundy,Danker
Lunn,Dankers
Lunt,Dankert
Lus,Danko
Lushun,Danks
Lusk,Danley
Luske,Dann
Luskee,Danna
Luskey,Dannecker
Luski,Dannelley
Lusky,Dannelly
Lutera,Dannels
Luthar,Danneman
Luther,Dannemiller
Luthias,Dannen
Lutwick,Dannenberg
Luyciyan,Dannenfelser
Lyaksandro,Danner
Lyam,Dano
Lyang,Danoff
Lydburgh,Danon
Lye,Danos
Lyell,Danowski
Lykaios,Dansby
Lyle,Danser
Lyman,Dansereau
Lyn,Dansie
Lynch,Danskin
Lynd,Dansky
Lyndal,Danson
Lyndall,Dant
Lyndberg,Dante
Lyndell,Dantes
Lyndon,Dantin
Lyndsay,Danton
Lyndsey,Dantzler
Lynn,Danuser
Lynne,Danvers
Lynton,Danyluk
Lyon,Danz
Lyonel,Danza
Lyonell,Danzeisen
Lyre,Danzer
Lyron,Danzey
Lysander,Danzi
Lysle,Danzig
Lyten,Danziger
Lyton,Danzy
Lytton,Dao
Lyulf,Daoud
Lyulfe,Daoust
Lyulff,Dapkus
Livanya,Dapp
Livi,Dapper
Livia,Daquin
Livvy,Dar
Livy,Dara
Lixue,Darbonne
Liz,Darby
Liza,Darbyshire
Lizah,Darcey
Lizbeth,Darcy
Lizeth,Dardar
Lizette,Dyas
Lizina,Dybala
Lizzi,Dybas
Lizzie,Dybdahl
Lizzy,Dyce
Llewellyn,Dyche
Lluvia,Dyches
Loan,Dyck
Loba,Dyckman
Locke,Dycus
Loe,Dye
Loella,Dyer
Loes,Dyes
Logan,Dyess
Logun,Dygert
Lois,Dyk
Loise,Dykas
Lokelani,Dyke
Loki,Dykema
Lola,Dykeman
Lolaksi,Dykes
Lolita,Dykhouse
Lolovivi,Dykhuis
Lomasi,Dykhuizen
Lona,Dykman
London,Dykstra
Lonee,Dylewski
Loni,Dylla
Lonikie,Dym
Lonna,Dymek
Lopa,Dyment
Lor,Dymond
Lora,Dynan
Loraine,Dynes
Lorand,Dyrdahl
Lorant,Dysart
Lordes,Dysert
Lordez,Dysinger
Lore,Dyson
Loree,Dziadosz
Lorel,Dziak
Lorelei,Dzialo
Lorell,Dziedzic
Lorella,Dziekan
Lorelle,Dzik
Loren,Dzikowski
Lorena,Dziuba
Lorenah,Dziuk
Lorenda,Dziura
Lorene,Nicoletta
Lorenza,Nicolette
Loretta,Nicoletti
Lorette,Nicoli
Lori,Nicolini
Lorie,Nicoll
Lorin,Nicolls
Lorina,Nicolo
Lorinda,Nicoloff
Loring,Nicolosi
Lorita,Nicols
Lorna,Nicolson
Lorne,Nicosia
Lorraine,Nicoson
Lorren,Nicotera
Lorretta,Nicotra
Lorrie,Nicpon
Lorron,Nida
Lorry,Niday
Lorryn,Nidiffer
Lory,Nie
Loryn,Niebauer
Losira,Niebel
Lotta,Nieberding
Lotte,Niebergall
Lottee,Nieblas
Lotti,Niebling
Lottie,Nieboer
Lotty,Niebrugge
Lotus,Niebuhr
Lou,Niebur
Louanna,Niec
Loucil,Niece
Loucile,Nied
Loucille,Niedbala
Louella,Niedbalski
Louhi,Nieder
Louisa,Niederberger
Louise,Niederer
Louisiana,Niederhauser
Eamon,Niederkorn
Earc,Niederman
Earl,Niedermayer
Earland,Niedermeier
Earld,Niedermeyer
Earle,Niedert
Earleen,Niedfeldt
Earlie,Niedringhaus
Early,Niedzielski
Earnest,Niedzwiecki
Eb,Niehaus
Eban,Niehoff
Ebbie,Niehues
Ebby,Niehus
Eben,Niekamp
Ebenezer,Niel
Eber,Nieland
Eberardo,Nield
Ebere,Nielsen
Eberhard,Nieman
Eberhardt,Niemann
Ebi,Niemczyk
Ebin,Niemeier
Ebner,Niemela
Ebon,Niemeyer
Ebonee,Niemi
Ebonie,Niemiec
Ebony,Niemuth
Ed,Nienaber
Edan,Nienhaus
Eddie,Nienhuis
Eddison,Nienow
Eddy,Nienstedt
Eden,Nier
Edgar,Nierenberg
Edgard,Nierman
Edgardo,Niermann
Edgarton,Nies
Edger,Niese
Edgerton,Niesen
Edin,Niess
Edisen,Niessen
Edison,Nieters
Edmand,Nietfeld
Edmaund,Nieto
Edme,Nietupski
Edmon,Nietz
Edmond,Nieuwenhuis
Edmonde,Nieves
Edmondo,Niewald
Edmun,Niewiadomski
Edmund,Niewiarowski
Edoardo,Niewinski
Edom,Niewoehner
Edouard,Niezgoda
Edred,Niffenegger
Edsel,Okonski
Edsell,Okoro
Edson,Okray
Eduard,Okubo
Eduardo,Okuda
Eugen,Okula
Eugene,Okuma
Eugeni,Okumura
Eugenio,Okun
Eusebius,Okura
Eustace,Ola
Eutychian,Olafson
Evagelos,Olague
Evaine,Olah
Evan,Olan
Evangeleana,Oland
Evangeleanah,Olander
Evangeleane,Olano
Evangeleena,Olarte
Evangeleene,Olavarria
Evangelia,Olberding
Evangelica,Olbert
Evangeline,Olbrich
Evangelique,Olbrys
Evangelista,Olcott
Evangelo,Olczak
Evangelos,Old
Evangelyn,Oldaker
Evangelyna,Oldakowski
Evangelynah,Oldani
Evangelyne,Olden
Evann,Oldenburg
Evans,Oldenkamp
Evanston,Older
Evard,Oldfather
Evaristus,Oldfield
Even,Oldford
Everard,Oldham
Everardo,Olding
Everest,Oldroyd
Everet,Olds
Everett,Oldt
Everhardt,Olea
Everhart,Olean
Everil,Olech
Everill,Olejniczak
Everrett,Olejnik
Evert,Olek
Evgeny,Oleksa
Evin,Oleksak
Evon,Oleksiak
Enjellyqua,Oleksy
Enjellyquah,Olen
Enjellyque,Olender
Ennis,Olenick
Enola,Olenik
Enrica,Olenski
Enriqua,Oler
Enriqueta,Oles
Enya,Olesen
Enyah,Oleski
Enza,Olesky
Eolande,Oleson
Eos,Olexa
Ephie,Oley
Eppie,Olgin
Epua,Olguin
Eran,Olheiser
Erato,Oliff
Erda,Oliger
Eren,Olin
Erian,Olinde
Erica,Olinger
Ericca,Olinski
Ericka,Oliphant
Erika,Oliva
Erin,Olivar
Erina,Olivares
Erinn,Olivarez
Erinna,Olivas
Eris,Olive
Erla,Oliveira
Erleen,Oliver
Erlene,Olivera
Erlenne,Oliveras
Erlina,Oliveri
Erlinda,Oliveria
Erline,Oliverio
Erma,Olivero
Erman,Oliveros
Ermin,Oliverson
Ermina,Oliveto
Erminda,Olivier
Ermine,Olivieri
Ermingarde,Oliviero
Erminie,Olivo
Erna,Olk
Ernaline,Olkowski
Ernesia,Ollar
Ernesta,Olle
,
,
,
,
,
,
,
,
,
,
,
,
,
,
,
,
,
,
,
,
,
,
,
,
,
,
,
,
,
,
,
,
,
,
,
,
,
,
,
,
,
,
,
,
,
,
,
,
,
,
,
,
,
,
Previous pagePrevious ,
,
Page1 ,
,
Page2 ,
,
Page3 ,
,
Current page4 ,
,
Page5 ,
,
Next pageNext ,
,
Last pageLast,
FE-Baby Name,
,
BABY NAMESBABY NAMES,
LAST NAMESLAST NAMES,
BABY NAME INSPIRATIONBABY NAME INSPIRATION,
,
Browse First Names Alphabetically,
A,
B,
C,
D,
E,
F,
G,
H,
I,
J,
K,
L,
M,
N,
O,
P,
Q,
R,
S,
T,
U,
V,
W,
X,
Y,
Z,