name,handle
Barack Obama,@BarackObama
Justin Bieber,@justinbieber
Katy Perry,@katyperry
Rihanna,@rihanna
Cristiano Ronaldo,@Cristiano
Taylor Swift,@taylorswift13
Lady Gaga,@ladygaga
Ariana Grande,@ArianaGrande
Ellen DeGeneres,@TheEllenShow
Kim Kardashian,@KimKardashian
Narendra Modi,@narendramodi
Selena Gomez,@selenagomez
Justin Timberlake,@jtimberlake
Britney Spears,@britneyspears
Demi Lovato,@ddlovato[c]
Bill Gates,@BillGates
Shakira,@shakira
Neymar,@neymarjr
Jimmy Fallon,@jimmyfallon
LeBron James,@KingJames
Elon Musk,@elonmusk
Miley Cyrus,@MileyCyrus
Jennifer Lopez,@JLo
Oprah Winfrey,@Oprah
Bruno Mars,@BrunoMars
Niall Horan,@NiallOfficial
Drake,@Drake
Kylie Jenner,@KylieJenner
Kevin Hart,@KevinHart4real
Wiz Khalifa,@wizkhalifa
Harry Styles,@Harry_Styles
Louis Tomlinson,@Louis_Tomlinson
Lil Wayne,@LilTunechi
Kourtney Kardashian,@kourtneykardash
Shah Rukh Khan,@iamsrk
Mariah Carey,@MariahCarey
Ed Sheeran,@edsheeran
Christina Aguilera,@xtina
Jim Carrey,@JimCarrey
Kanye West,@kanyewest
Chris Brown,@chrisbrown
Beyonce Knowles,@Beyonce
Blake Shelton,@blakeshelton
Ryan Seacrest,@RyanSeacrest
Ivete Sangalo,@ivetesangalo
Leonardo DiCaprio,@LeoDiCaprio
Paris Hilton,@ParisHilton
will.i.am,@iamwill
Kendall Jenner,@KendallJenner
Ashley Tisdale French,@ashleytisdale
Tyra Banks,@tyrabanks
Snoop Dogg,@SnoopDogg
Ricky Martin,@ricky_martin
Ronaldinho ,@10Ronaldinho
Simon Cowell,@SimonCowell
Wayne Rooney,@WayneRooney
Kevin Durant,@KDTrey5
Kylie Jenner,@KylieJenner
Danilo Gentili,@DaniloGentili
Stephen Fry,@stephenfry
Charlie Sheen,@charliesheen
Zac Efron,@ZacEfron
Carly Rae Jepsen,@carlyraejepsen
Russell Brand,@rustyrockets
Paulina Rubio,@paurubio
Sean Diddy Combs,@iamdiddy
Ludacris,@Ludacris
SHAQ,@SHAQ
Kelly Clarkson,@kelly_clarkson
Tom Hanks,@tomhanks
Usher,@Usher
Ricky Gervais,@rickygervais
Nick Jonas,@nickjonas
Dwayne Johnson,@TheRock
Enrique Iglesias,@enrique305
Stephen Colbert,@StephenAtHome
Victoria Justice,@VictoriaJustice
Lindsay Lohan,@lindsaylohan
Victoria Beckham,@victoriabeckham
Trey Songz,@TreySongz
Sofia Vergara,@SofiaVergara
Jessica Alba,@jessicaalba
Rafa Nadal,@RafaelNadal
Daddy Yankee,@daddy_yankee
LMFAO,@LMFAO
William Bonner,@realwbonner
Jessie J,@JessieJ
Seth MacFarlane,@SethMacFarlane
Marc Anthony,@MarcAnthony
50cent,@50cent
Pharrell Williams,@Pharrell
Joe Jonas,@joejonas
Big Sean,@BigSean
Aziz Ansari,@azizansari
Channing Tatum,@channingtatum
Robin van Persie,@Persie_Official
Gareth Bale,@GarethBale11
John Cena,@JohnCena
J. Cole,@JColeNC
Miranda Cosgrove,@MirandaCosgrove
John Legend,@johnlegend
Eva Longoria,@EvaLongoria
David Villa,@Guaje7Villa
Cher Lloyd,@CherLloyd
Jessica Simpson,@JessicaSimpson
Nancy Ajram,@NancyAjram
Anderson Silva,@SpiderAnderson
Carmelo Anthony,@carmeloanthony
Sarah Silverman,@SarahKSilverman
Queen Latifah,@IAMQUEENLATIFAH
Zooey Deschanel,@ZooeyDeschanel
Simon Pegg,@simonpegg
NE-YO,@NeYoCompound
Calvin Harris,@CalvinHarris
Richard Branson,@richardbranson
Ciara,@ciara
Steve Martin,@SteveMartinToGo
Olly Murs,@ollyofficial
Daniel Alves,@DaniAlvesD2
Kelly Rowland,@KELLYROWLAND
Floyd Mayweather,@FloydMayweather
Luke Hemmings,@Luke5SOS
Anderson Cooper,@andersoncooper
Mario Teguh,@MTLovenHoney
Jennette McCurdy,@jennettemccurdy
T.I.,@Tip
Perez Hilton,@PerezHilton
Dwight Howard,@DwightHoward
Zendaya,@Zendaya
Dulce Maria,@DulceMaria
Kris Jenner,@KrisJenner
Jimmy Kimmel,@jimmykimmel
Hugh Jackman,@RealHughJackman
Luan Santana,@luansantana
Iggy Azalea,@IGGYAZALEA
AKON,@Akon
Jason Mraz,@jason_mraz
Nina Dobrev,@ninadobrev
Lana Del Rey,@LanaDelRey
Sonakshi Sinha,@sonakshisinha
J.K. Rowling,@jk_rowling
Flo Rida,@official_flo
Chelsea Handler,@chelseahandler
Scott Disick,@ScottDisick
Cheryl Ann Tweedy,@CherylOfficial
Jaden Smith,@officialjaden
Robert Downey Jr,@RobertDowneyJr
Tom Cruise,@TomCruise
Kendrick Lamar,@kendricklamar
Serena Williams,@serenawilliams
Adam Levine,@adamlevine
Vanessa Hudgens,@VanessaHudgens
Ellie Goulding,@elliegoulding
Cameron Dallas,@camerondallas
Michelle Obama,@MichelleObama
Mary J. Blige,@maryjblige
Demi Moore,@justdemi
Samuel L. Jackson,@SamuelLJackson
Meek Mill,@MeekMill
Rita Ora,@RitaOra
Nick Cannon,@NickCannon
Miranda Lambert,@mirandalambert
Angel Rivera,@Angelluisr
Nash Grier,@Nashgrier
Ben Stiller,@RedHourBen
Mindy Kaling,@mindykaling
Luke Bryan,@LukeBryanOnline
Tiger Woods,@TigerWoods
Mike Tyson,@MikeTyson
Lenny Kravitz,@LennyKravitz
Kevin Jonas,@kevinjonas
Jonah Hill,@JonahHill
Dwayne Wayde,@DwyaneWade
Nicole Richie,@nicolerichie
Hilary Duff,@HilaryDuff
Anna Kendrick,@AnnaKendrick47
Alan Carr,@AlanCarr
John Cleese,@JohnCleese
Soulja Boy Tell 'Em,@souljaboy
Prince Royce,@PrinceRoyce
Carrie Underwood,@carrieunderwood
Novak Djokovic,@DjokerNole
John Green,@johngreen
Bill Simmons,@BillSimmons
Diego Forlan,@DiegoForlan7
LLCOOLJ,@llcoolj
Piers Morgan,@piersmorgan
Skrillex,@Skrillex
Chris Paul,@CP3
Jamie Foxx,@iamjamiefoxx
Steve Carell,@SteveCarell
Neil deGrasse Tyson,@neiltyson
Shawn Mendes,@ShawnMendes
Randy Orton,@RandyOrton
DJ KING ASSASSIN,@DjKingAssassin
DJ Pauly D,@DJPaulyD
Paula,@paulitachaves
Ozzy Osbourne,@OzzyOsbourne
Adam Schefter,@AdamSchefter
Gary Lineker,@GaryLineker
Cristine Reyes,@_CristineReyes_
Jordin Sparks,@JordinSparks
Rainn Wilson,@rainnwilson
Miranda Kerr,@MirandaKerr
Gary Barlow,@GaryBarlow
Tony Hawk,@tonyhawk
Noah Everett,@noaheverett
Tyler Perry,@tylerperry
PSY,@psy_oppa
Cara Delevingne,@Caradelevingne
Zach Galifianakis,@galifianakisz
Kelly Osbourne,@KellyOsbourne
Joel Osteen,@JoelOsteen
Keri Hilson,@KeriHilson
Roger Federer,@rogerfederer
Lorde,@lordemusic
Green Day,@GreenDay
Jack Whitehall,@jackwhitehall
Al Yankovic,@alyankovic
Wyclef Jean,@wyclef
Scooter Braun,@scooterbraun
Usain St. Leo Bolt,@usainbolt
Lance Armstrong,@lancearmstrong
Paul Wesley,@paulwesley
Paul Pierce,@paulpierce34
Joseph Gordon-Levitt,@hitRECordJoe
Jennifer Hudson,@IAMJHUD
Mark Cuban,@mcuban
Dr. Mehmet Oz,@DrOz
Belinda Peregrin,@belindapop
Taraji P. Henson,@TherealTaraji
Jim Jones ,@jimjonescapo
Joel McHale,@joelmchale
Sam Smith,@samsmithworld
Emily Osment,@EmilyOsment
Sam Milby,@samuelmilby
Mario Balotelli,@FinallyMario
Dolly Parton,@DollyParton
Chris Moyles,@ChrisMoyles
Brad Paisley,@BradPaisley
Danny DeVito,@DannyDeVito
Rob Dyrdek,@robdyrdek
Jason Derulo,@jasonderulo
Arnold,@Schwarzenegger
Bruna Marquezine,@BruMarquezine
Kesha ,@KeshaRose
Russell Simmons,@UncleRUSH
Jake T. Austin,@JakeTAustin
Chad Johnson,@ochocinco
Chris Rock,@chrisrock
Wesley Sneijder,@sneijder101010
Sean Kingston,@SeanKingston
James Franco,@JamesFrancoTV
Amanda Bynes,@amandabynes
MC HAMMER,@MCHammer
Gisele Bundchen,@giseleofficial
Fergie,@Fergie
Rick G. Rosner,@dumbassgenius
Nelly Furtado,@NellyFurtado
Rachel Maddow,@maddow
Travie McCoy,@TravieMcCoy
Lauren Conrad,@LaurenConrad
David Silva,@21LVA
Heidi Klum,@heidiklum
Gemma Styles,@GemmaAnneStyles
Emma Roberts,@RobertsEmma
Busta Rhymes,@BustaRhymes
Nathan Fillion,@NathanFillion
Matthew Espinosa,@TheMattEspinosa
Blake Griffin,@blakegriffin32
Dana White,@danawhite
Seth Rogen,@Sethrogen
Andy Murray,@andy_murray
Slash,@Slash
deadmau5,@deadmau5
Drake Bell,@DrakeBell
Sara Bareilles,@SaraBareilles
Tito El Bambino,@Tbambino
Seth Meyers,@sethmeyers
Janet Jackson,@JanetJackson
Pau Gasol,@paugasol
Bill Maher,@billmaher
J BALVIN,@JBALVIN
ROLA,@RolaWorLD
Vinny Guadagnino,@VINNYGUADAGNINO
Jack,@jack
Manu Ginobili,@manuginobili
Georgina Wilson,@ilovegeorgina
Reik,@ReikMx
Dane Cook,@DaneCook
Jerry Seinfeld,@JerrySeinfeld
David Copperfield,@D_Copperfield
Tracy Morgan,@RealTracyMorgan
Dr Drew,@drdrew
Zlatan IbrahimoviÄ‡,@Ibra_official
COMMON,@common
Amber Rose,@DaRealAmberRose
Jacqueline Fernandez,@Asli_Jacqueline
Martha Stewart,@MarthaStewart
Susana Gimenez,@Su_Gimenez
David Henrie,@DavidHenrie
Caspar Lee,@Caspar_Lee
Steve Aoki,@steveaoki
James Harden,@JHarden13
Joseph Barton,@Joey7Barton
Sania Mirza,@MirzaSania
Steve Austin,@steveaustinBSR
Sandara Park,@krungy21
Troye Sivan,@troyesivan
Reggie Bush,@ReggieBush
Metallica,@Metallica
Harsha Bhogle,@bhogleharsha
Stephen Curry,@StephenCurry30
Tim Tebow,@TimTebow
Lewis Hamilton,@LewisHamilton
Giovanna Antonelli,@gio_antonelli
Josh Hutcherson,@jhutch1992
Fernando Torres,@Torres
Amr Waked,@amrwaked
Boman Irani,@bomanirani
Lena Dunham,@lenadunham
Assi Hallani,@assihallani
Leigh Francis,@LeighFrancis
The First Lady,@FLOTUS
The Weeknd,@theweeknd
Pearl Jam,@PearlJam
Shawn Michaels,@ShawnMichaels
Justin Halpern,@shitmydadsays
Steve Harvey,@IAmSteveHarvey
AB de Villiers,@ABdeVilliers17
Erin Andrews,@ErinAndrews
Wil SCREAMton,@wilw
Chris Pratt,@prattprattpratt
Gabrielle Union,@itsgabrielleu
Jason Aldean,@Jason_Aldean
King Mika Singh,@MikaSingh
Chris Evans,@ChrisEvans
Jimmy Eat World,@jimmyeatworld
Mark Wright,@MarkWright_
Cher  ,@cher
Alyssa Milano,@Alyssa_Milano
Lisa Surihani,@LisaSurihani
Lorenzo Jovanotti,@lorenzojova
Kevin Smith,@ThatKevinSmith
Axel,@AxelOficial
Earvin Magic Johnson,@MagicJohnson
Ashlee Simpson Ross,@ashleesimpson
Santiago Segura,@SSantiagosegura
Dr. Dre,@drdre
Kat Graham,@KatGraham
Elon Musk,@elonmusk
Mark Wahlberg,@mark_wahlberg
Missy Elliott,@MissyElliott
Alfie Deyes,@PointlessBlog
Solenn Heussaff,@solennheussaff
Denny Cagur ,@DennyCagur
Macklemore,@macklemore
Russell Westbrook,@russwest44
Henry Lau,@henrylau89
Trevor Noah,@Trevornoah
Farah Khan,@TheFarahKhan
Ryan Sheckler,@RyanSheckler
Chris Hardwick,@hardwick
Tony Robbins,@TonyRobbins
Kendra Wilkinson,@KendraWilkinson
Gordon Ramsay,@GordonRamsay
Chris Gayle,@henrygayle
Joseph S Blatter,@SeppBlatter
"Tyler, The Creator",@fucktyler
Rory Mcilroy,@McIlroyRory
Ian McKellen,@IanMcKellen
Deepak Chopra,@DeepakChopra
Ice Cube,@icecube
David Lynch,@DAVID_LYNCH
Oscar D' Leon,@OscarDLeon
Tom Daley,@TomDaley1994
Chris Colfer,@chriscolfer
Ashley Cole,@TheRealAC3
Chris Jericho,@IAmJericho
Jack Johnson,@JackJackJohnson
Dani Bolina,@Dbolina
Aaron Paul,@aaronpaul_8
Manny Pacquiao,@MannyPacquiaoTR
Lauren London,@MsLaurenLondon
Paul McCartney,@PaulMcCartney
Ross Lynch,@rossR5
Mandy Moore,@TheMandyMoore
Adam Lambert,@adamlambert
Bill Nye,@BillNye
Jim Gaffigan,@JimGaffigan
Denise Richards,@DENISE_RICHARDS
Stephen A Smith,@stephenasmith
Richard Hammond,@RichardHammond
David Ospina,@D_Ospina1
J Alvarez Flow,@JAlvarezFlow
Christian Bautista,@xtianbautista
Carter Reynolds,@carterreynolds
Kyrie Irving,@KyrieIrving
Ruffa Gutierrez,@iloveruffag
Rachel Zoe,@RachelZoe
DJ KHALED,@djkhaled
Angelica Vale,@angelicavale
Jason Segel,@jasonsegel
Robbie Williams,@robbiewilliams
James May,@MrJamesMay
Kendall Schmidt,@HeffronDrive
Jeremy Bieber,@JeremyBieber
Nathan Kress,@NathanKress
Hardwell,@HARDWELL
Charlotte Crosby,@Charlottegshore
Tom Hiddleston,@twhiddleston
CM Punk,@CMPunk
Marcus Butler,@MarcusButler
Katt Williams,@KattPackAllDay
Lady Antebellum,@ladyantebellum
French Montana,@FrencHMonTanA
Keith Urban,@KeithUrban
Mike Vick,@MikeVick
Marco Reus,@woodyinho
Tom Felton,@TomFelton
Sharon Osbourne,@MrsSOsbourne
Martin Garrix,@MartinGarrix
Steve Nash,@SteveNash
Vincent Kompany,@VincentKompany
Willie Robertson,@williebosshog
Stromae,@Stromae
Neil Gaiman,@neilhimself
David Spade,@DavidSpade
Paula Abdul,@PaulaAbdul
Daniel Bryan,@WWEDanielBryan
Derrick Rose,@drose
Rebel Wilson,@RebelWilson
Michael Buble,@michaelbuble
Robi Domingo,@robertmarion
Anthony Padilla,@smoshanthony
Luke Brooks,@luke_brooks
Amy Schumer,@amyschumer
Craig Ferguson,@CraigyFerg
BIRDMAN,@BIRDMAN5STAR
Kylie Minogue,@kylieminogue
Zedd,@Zedd
Troian,@SleepintheGardn
Juicy J,@therealjuicyj
Juliette Freire,@FreireJuliette
Rashid Khan,@rashidkhan_19
Kygo ,@KygoMusic
Magnus Carlsen,@MagnusCarlsen
Lorde ,@lorde
Ben Smith,@benpolitico
Dave Weigel ,@daveweigel
Felicia Sonmez,@fixfelicia
Taegan Goddard , @pwire
Susan Page,@SusanPage
Alex Wagner ,@alex_wags
Beth Reinhard,@bethreinhard
Garance Franke-Ruta ,@thegarance
Mike Memoli ,@mikememoli
Erin McPike ,@ErinMcPike
Mark Knoller ,@markknoller
Suzy Khimm ,@SuzyKhimm
Jake Tapper ,@jaketapper
McClatchy DC ,@McClatchyDC
Wonkette ,@Wonkette
NASA,@nasa
US Senate,@senatus
PolitiFact ,@politifact
Cook Political Report ,@CookPolitical
Liz Mair ,@LizMair
Larry Sabato ,@LarrySabato
David Wasserman ,@Dave_Wasserman
Ana Marie Cox ,@anamariecox
Sam Graham-Felsen ,@samgf
Donna Brazile ,@donnabrazile
Chuck Todd ,@chucktodd
Christina Bellantoni ,@cbellantoni
Nico Pitney ,@nicopitney
Glenn Greenwald ,@ggreenwald
The Wonk Room ,@wonkroom
Steve Benen ,@stevebenen
Mark Hemingway ,@Heminator
Nate Silver ,@fivethirtyeight
Mark Blumenthal ,@MysteryPollster
Stanislas Wawrinka,@stanwawrinka
Greta Thunberg ,@GretaThunberg
Alesso ,@Alesso
Swedish House Mafia,@swedishousemfia
Tim Bergling,@Avicii
Sebastian Ingrosso,@Ingrosso
Steve Angello,@SteveAngello
Sergio Ramos,@SergioRamos
Enrique Iglesias,@enriqueiglesias
Pavel Volya,@RealVolya
Alex Ovechkin,@ovi8
Tina Kandelaki,@tina_kandelaki
Daniel Padilla,@imdanielpadilla
Bianca Gonzalez,@iamsuperbianca
MAJOR LAZER,@MAJORLAZER
Bob Marley,@bobmarley
Sean Paul,@duttypaul
Avril Lavigne,@AvrilLavigne
sunnyleone,@SunnyLeone
Mohamed Salah,@MoSalah
Amr Diab,@amrdiab
Bassem Youssef,@Byoussef
Amr Khaled,@amrkhaled
Mohamed Henedy,@OfficialHenedy
Mustafa Hosny ,@MustafaHosny
Donia Samir Ghanem,@Donia
Lay Zhang,@layzhang
David Guetta,@davidguetta
Paul Pogba,@paulpogba
Basti Schweinsteiger,@BSchweinsteiger
Manuel Neuer,@Manuel_Neuer
Cinta Laura Kiehl,@xcintakiehlx
Dirk Nowitzki,@swish41
Hitoshi Matsumoto,@matsu_bouzu
Paulina Rubio,@PaulinaRubio
Robert Lewandowski,@lewy_official
Dave Portnoy,@stoolpresidente
Big Cat,@barstoolbigcat
KFC,@KFCBarstool
Feitelberg,@FeitsBarstool
Chaps,@unclechaps
Maria Ciuffo,@barstoolria
PFT Commenter,@pftcommenter
Alexandra Cooper,@alexandracooper
Billy Football,@billyhottakes
Paul Bissonnette,@BizNasty2point0
Francesca Mariano,@barstoolfran
Mike Grinnell,@MikeGrinnell_
Ryan Whitney,@ryanwhitney6
Taylor Lewan,@taylorlewan77
Will Compton,@_willcompton
Erika Nardini,@EKANardini
Matthew Yglesias,@mattyglesias
Ben Shapiro,@benshapiro
Matt Walsh,@mattwalshblog
Chris Hayes,@chrislhayes
Noam Blum,@neontaster
Elon Musk,@elonmusk
Odell Beckham Jr.,@OBJ_3
Sydney Leroux,@sydneyleroux
Bobby Ryan,@b_ryan9
Josh Donaldson,@BringerOfRain20
Floyd Mayweather,@FloydMayweather
Danica Patrick,@DanicaPatrick
Roger Federer,@rogerfederer
JJ Watt,@JJWatt
Lindsey Vonn,@lindseyvonn
DeAndre Jordan,@deandrejordan6
Blake Griffin,@blakegriffin32
Chris Paul,@CP3
Richard Sherman,@RSherman_25
Genie Bouchard,@geniebouchard
Conor McGregor,@TheNotoriousMMA
Joel Embiid,@JoelEmbiid
LeBron James,@KingJames
Dwayne ÒThe RockÓ Johnson,@therock
Ty Hilton,@TYHilton13
Von Miller,@VonMiller
Mike Tomlin,@CoachTomlin
Jonathan Bostic,@JonBostic
Mike Leach,@MikeLeach82
Donald Penn,@DPENN70
Allen Robinson Ii,@AllenRobinson
Baseball Knowing King Chris Long,@JOEL9ONE
Tyrann Mathieu,@Mathieu_Era
Deandre Hopkins,@DeAndreHopkins
Tavon Austin,@Tayaustin01
Sharrif Floyd,@sharriffloyd
Deangelo Williams,@DeAngeloRB
Freybird ,@jeffdemps7
Donald Brown,@Donaldb31
Kraig Urbik,@kraigurbik
Vick Ballard,@VickBallard
Ben Garland,@BenGarland63
Martellus Bennett,@MartysaurusRex
Zac Robinson,@zac_robinson
Vontaze Burfict,@King55Tez
Jordy Nelson,@JordyRNelson
Brandon Jacobs,@BrandonJacobs27
Darren Sproles,@DarrenSproles
Donald Driver,@Donald_Driver80
Travelle Wharton,@TravelleWharton
Geno Smith,@GenoSmith3
Malik Barron Jackson,@TheMalikJackson
Robert Griffin Iii,@RGIII
Ryan Tannehill,@ryantannehill1
Mark Anderson,@MAnderson_95
Kendall Hunter,@KendallHunter32
Dre Kirkpatrick,@DreKirkSWAG
TRogers,@taveonrogers
Zach Brown,@ZachBrown_55
Wes Welker,@WesWelker
Jabari Greer,@Jabari_Greer
Jared Goff,@JaredGoff16
Alfred Morris,@FredoSauce
Nigel  Bradham,@NigelBradham_13
Harry Douglas,@HDouglas83
Adrian Wilson,@adrian_wilson24
Jamaal Anderson,@Jamaal_Anderson
Dez Bryant,@DezBryant
Tim Tebow,@TimTebow
Anquan Boldin,@AnquanBoldin
Lamarr Woodley,@LaMarrWoodley
Akeem Ayers,@Akeem_Ayers
Pat Mcafee,@PatMcAfeeShow
Rob Gronkowski,@RobGronkowski
Golden Tate,@ShowtimeTate
Jared Allen,@JaredAllen69
Aaron Rodgers,@AaronRodgers12
Gerald Mccoy,@Geraldini93
Chandler Jones,@chanjones55
Darrelle Revis,@Revis24
Josh Cribbs,@JoshCribbs16
Jamaal Charles,@jcharles25
Devin  Hester,@D_Hest23
Randall Cobb,@rcobb18
Greg Olsen,@gregolsen88
Champ Bailey,@champbailey
Matt Forte,@MattForte22
Adrian Peterson,@AdrianPeterson
Nick Mangold,@nickmangold
Jay Feely,@jayfeely
Andre Johnson,@johnson80
Jason Witten,@JasonWitten
Shawne Merriman,@shawnemerriman
Drew Brees,@drewbrees
Victor Cruz,@TeamVic
Desean Jackson,@DeSeanJackson10
Chris Cooley,@thecooleyzone
Steven Jackson,@sj39
Coach CJ Spiller,@CJSPILLER
Matt Hasselbeck,@Hasselbeck
Mike Greenberg,@Espngreeny
Michael Wilbon,@RealMikeWilbon
Scott Van Pelt,@notthefakeSVP
Mel Kiper Jr,@MelKiperESPN
Buster Olney,@Buster_ESPN
Andy Katz,@TheAndyKatz
Espn Stats  Info,@ESPNStatsInfo
Colin Cowherd,@ColinCowherd
Adam Schefter,@AdamSchefter
Mark Schlereth,@markschlereth
Jay Bilas,@JayBilas
John Clayton,@JohnClaytonNFL
Chris Mortensen,@mortreport
Sportscenter,@SportsCenter
Keyshawn Jwill  Zubin,@KeyJayandZ
Sportsnation,@SportsNation
Pti,@PTI
Stephen A Smith,@stephenasmith
Cameron Diaz,@CameronDiaz
Steve Carell,@SteveCarell
Ari Graynor,@AGraynor
Patrick Dempsey,@PatrickDempsey
Mark Hamill,@HamillHimself
Whoopi Goldberg,@WhoopiGoldberg
Terri Ivens,@TerriIvens
Helen Hunt,@HelenHunt
Josh Charles,@MrJoshCharles
Paul Reiser,@PaulReiser
Kiefer Sutherland,@RealKiefer
Charlie Sheen,@charliesheen
Michelle Chiklis,@Michellechiklis
Henry Winkler,@hwinkler4real
Howard Stern,@HowardStern
Diane Keaton,@Diane_Keaton
James Cameron,@JimCameron
Julia Roberts,@JuliaRoberts
Nicolas Cage,@LordNicolasCage
Ronny Turiaf,@Ronny_Turiaf
Leonardo Dicaprio,@LeoDiCaprio
Russell Crowe,@russellcrowe
Gary Sinise,@GarySinise
Joe Mantegna,@JoeMantegna
Ron Howard,@RealRonHoward
Gordon Ramsay,@GordonRamsay
Kristin Cavallari,@KristinCav
Adrian Grenier,@adriangrenier
Steve Harvey,@IAmSteveHarvey
Jessica Alba,@jessicaalba
Jon Huertas ,@jonhuertas
Neil Patrick Harris,@ActuallyNPH
Randy Jackson,@randyjackson8
Lucy Milano,@Lucy_Milano
Tracy Morgan,@TracyMorgan
Reggie Bush,@ReggieBush
Edward Norton,@EdwardNorton
Tyler Perry,@tylerperry
Apolo Anton Ohno,@ApoloOhno
John Stamos,@JohnStamos
Niecy Nash,@NiecyNash
Mary J Blige,@maryjblige
Tyra Banks,@tyrabanks
Jim Carrey,@JimCarrey
Ivanka Trump,@IvankaTrump
Randy Jackson,@YO_RANDYJACKSON
Nancy Sinatra,@NancySinatra
Bill Gates,@BillGates
Tom Hanks,@tomhanks
Eddie Mcclintock,@EddieMcClintock
George Lopez,@georgelopez
Pierce Brosnan,@PierceBrosnan
Tom Cruise,@TomCruise
Audrina Patridge,@AudrinaPatridge
Mark Ruffalo,@MarkRuffalo
Chaz Bono,@ChazBono
Rose Mcgowan,@rosemcgowan
Kenny Chesney,@kennychesney
Mark Gantt,@MarkGantt
Lamar Odom,@RealLamarOdom
Nicole Polizzi,@snooki
Paul Corrigan,@LaughNYC
Coco,@cocosworld
Ice T,@FINALLEVEL
Billy Ray Cyrus,@billyraycyrus
Tony Hawk,@tonyhawk
Andy Dick,@andydick
Mandy Moore,@TheMandyMoore
Travis Barker,@travisbarker
Giuliana Rancic,@GiulianaRancic
Pauly Shore,@PaulyShore
Demi Lovato,@ddlovato
Michael Ian Black,@michaelianblack
Ashton Kutcher,@aplusk
Superdad,@michaelmuhney
Jarrett Payton,@paytonsun
Jason Mraz,@jason_mraz
Seth Macfarlane,@SethMacFarlane
Shaun White,@shaunwhite
Lance Armstrong,@lancearmstrong
Kathy Ireland,@kathyireland
Weezer,@Weezer
Ryan Seacrest,@RyanSeacrest
Chamillionaire,@chamillionaire
Sinbad,@sinbadbad
Marc Ostrick,@OSTRICK
William Shatner,@WilliamShatner
Seth Green,@SethGreen
Wil Wheaton,@wilw
Robert Llewellyn,@bobbyllew
Al Franken,@alfranken
Christine Gambito,@HappySlip
Channing Tatum,@channingtatum
Andrei Svechnikov,@ASvechnikov_37
Zdeno Chara,@zeechara33
Mario Ferraro,@mferraro77
Frederick Gaudreau,@FreddieGaudreau
Nikita Kucherov,@86Kucherov
Nikita Zaitsev,@Zaitsev22
Artemiy Panarin,@artemiypanarin
Nicolas Deslauriers,@Nicdeslauriers4
Alexandre Texier,@atexier99
KAndre Miller,@kandre_miller
Mark Giordano,@MarkGio05
Filip Chytil,@filip_chytil
Martin Neas,@necas88
Robert Thomas,@RThomas_27
Nico Hischier,@nicohischier
Filip Hronek,@hronek_filip
Curtis Mcelhinney,@McElhinney_C30
Justin Williams,@JustinWilliams
Joe Pavelski,@jpav8
Nick Foligno,@NickFoligno
Jordan Oesterle,@joesty15
Klim Kostin,@klimkostin24
Jordan Nolan,@Jordan_Nolan71
Jonathan Toews,@JonathanToews
Adam Henrique,@AdamHenrique
Petr Mrazek,@pmrazek34
Stephen Gionta,@steviegio11
David Gustafsson,@daavidd27
Jesper Boqvist,@jesperboqvist
Gabriel Vilardi,@Gabe_Vilardi13
Carsen Twarynski,@CTwarynski
Alex Nylander,@snipeshow98
Jordan Greenway,@JGreenway12
Kyle Clifford,@13KCliffy
Tuukka Rask,@tuukkarask
Jakub Vrana,@VranaJakub
Adam Mascherin,@amascherin_23
Johnny Boychuk,@joboych
Elias Pettersson,@_EPettersson
Alex Formenton,@88Forms
Mikhail Sergachev,@sergachev31
Luke Glendening,@GLENDENlNG
Tobias Bjrnfot,@Tobiasbjornfot
Justin Dowling,@therealjdowls
Nick Caamano,@nickcaamano10
Jack Hughes,@jackhughes43
Ryan Reaves,@reavo7five
Jeff Carter,@JeffCarter_77
Martin Fehrvry,@fehy6
Tyler Seguin,@tseguinofficial
Urho Vaakanainen,@UVaakanainen
Janne Kuokkanen,@kuokka22
Rasmus Dahlin,@rasmusdahlin00
Patrik Laine,@PatrikLaine29
Michael Raffl,@michaelRaffl
Yanni Gourde,@YanniGourde
Brandon Saad,@BSaad20
Eeli Tolvanen,@eeli1999
Dylan Larkin,@Dylanlarkin39
Daniel Sprong,@sprong97
Jc Beaudin,@Beaudin72
Reilly Smith,@reillysmith18
Evgeny Kuznetsov,@Kuzya92
Mirco Mueller,@muellermirco
Joey Daccord,@JDac35
Jamie Benn,@jamiebenn14
Sonny Milano,@27SMiLano
Dante Fabbro,@17Fabbro
Tom Wilson,@tom_wilso
Erik Gustafsson,@ErkanGustafsson
Andreas Borgman,@andreasborgman
Oskar Sundqvist,@sundqvist32
Jakob Silfverberg,@jsilfverberg33
Alexander Wennberg,@AlexWennberg
Marcus Srensen,@sorensenmarcus
Jonathan Drouin,@jodrouin27
Cody Eakin,@CodyEakin50
Rasmus Sandin,@Rasmussandin
Henrik Lundqvist,@hlundqvist35
Rasmus Andersson,@RAndersson19
Zach Werenski,@ZachWerenski
Alexander Radulov,@RADUL22
Taylor Leier,@23TLeier
Vince Dunn,@vince_dunn
Alex Galchenyuk,@AGally94
Trevor Moore,@trevmoore08
Jimmy Vesey,@19Vesey
Tristan Jarry,@tjarry35
Joseph Blandisi,@_themagicbullet
Kevin Shattenkirk,@shattdeuces
Bo Horvat,@BoHorvat
Joakim Nordstrm,@Jo92No
Dryden Hunt,@huntsy22
Tj Oshie,@TJOshie77
Jack Eichel,@Jackeichel15
Trevor Van Riemsdyk,@TvanRiemsdyk6
Taylor Hall,@hallsy09
Colton Sissons,@colton_es15
Sam Steel,@ssteel23
Damon Severson,@dseves7
Steven Stamkos,@RealStamkos91
Nathan Mackinnon,@Mackinnon9
Mitchell Marner,@Marner93
James Van Riemsdyk,@JVReemer21
Eric Fehr,@EricFehr
Tyler Johnson,@tjohnny09
Frederik Andersen,@f_andersen30
Keith Kinkaid,@Blockaid1
Malcolm Subban,@Subbz3r0
Jacob Weisberg,@jacobwe
Meghan Peters,@petersmeg
Andrew Ross Sorkin,@andrewrsorkin
Greg Mitchell,@GregMitch
Ann Curry,@AnnCurry
Lauren Indvik,@laureni
Zach Seward,@zseward
Katie Couric,@katiecouric
Veronica De La Cruz,@VeronicaDLCruz
Nicholas Kristof,@NickKristof
Vadim Lavrusik,@Lavrusik
Nieman Lab,@NiemanLab
Aron Pilhofer,@pilhofer
Romenesko,@romenesko
Jay Rosen,@jayrosen_nyu
Brian Boyer,@brianboyer
Andrew Malcolm,@AHMalcolm
Sree Sreenivasan,@sree
LeslieJean Thornton,@ljthornton
Dan Gillmor,@dangillmor
Walt Mossberg,@waltmossberg
Adam Ostrow,@adamostrow
Nathan Gibbs,@nathangibbs
John Dickerson,@jdickerson
Peter Shankman,@petershankman
Ken Sands,@kensands
Will Sullivan,@WillSullivan
Mathew Ingram,@mathewi
Paul Bradshaw,@paulbradshaw
Jacob Harris,@harrisj
Comfortably Smug,@comfortablysmug
Megan Twohey,@mega2e
Linda Qiu,@YLindaQiu
Steve Kenny,@nytstevek
Ar Isaacman Bevacqua,@Ari_NYT
Nicholas Fandos,@npfandos
Alicia Parlapiano,@aliciaparlap
Nate Cohn,@Nate_Cohn
Thomas GibbonsNeff,@Tmgneff
Eric Lipton,@EricLiptonNYT
Margot SangerKatz,@sangerkatz
Adam Nagourney,@adamnagourney
Gardiner Harris,@GardinerHarris
Michael Tackett,@tackettdc
Michael Barbaro,@mikiebarb
Lara Jakes,@jakesNYT
Thomas Kaplan,@thomaskaplan
Emily Bazelon,@emilybazelon
Mike Mcintire,@mmcintire
Stephen Crowley,@Stcrow
Erica L Green,@EricaLG
Jonathan Weisman,@jonathanweisman
Adam Goldman,@adamgoldmanNYT
Michael M Grynbaum,@grynbaum
Jake Tapper ,@jaketapper
Jim Acosta,@acosta
Oliver Darcy,@oliverdarcy
John King,@johnkingcnn
Anderson Cooper,@andersoncooper
Brian Stelter,@brianstelter
Don Lemon,@donlemon
Midland,@MidlandOfficial
Dan  Shay,@DanAndShay
Gabby Barrett,@GabbyBarrett_
Maddie  Tae,@MaddieandTae
Brothers Osborne,@brothersosborne
Caylee Hammack,@Cayleehammack
Hillary Scott,@HillaryScottLA
Morgan Wallen,@MorganWallen
Carrie Underwood,@carrieunderwood
Old Dominion,@OldDominion
Hozier,@Hozier
Ingrid Andress,@IngridAndress
Tenille Townes,@tenilletownes
Florida Georgia Line,@FLAGALine
Jon Pardi,@JonPardi
Jenee Fleenor,@JeneeMusic
Ashley Mcbryde,@AshleyMcBryde
Thomas Rhett,@ThomasRhett
Luke Combs ,@lukecombs
Jimmie Allen,@JimmieAllen
Chris Stapleton,@ChrisStapleton
Chris Tomlin,@christomlin
Reba,@reba
Miranda Lambert,@mirandalambert
K A C E Y,@KaceyMusgraves
Justin Bieber,@justinbieber
Little Big Town,@littlebigtown
Charlie Daniels,@CharlieDaniels
Carly Pearce,@carlypearce
Jake Owen,@jakeowen
Maren Morris,@MarenMorris
Lee Brice,@leebrice
Eric Church,@ericchurch
Darius Rucker,@dariusrucker
Charlie Puth,@charlieputh
Lady A,@ladya
Brooks  Dunn,@BrooksAndDunn
Jason Aldean,@Jason_Aldean
Dierks Bentley,@DierksBentley
Keith Urban,@KeithUrban
Elle King,@ElleKingMusic
Rascal Flatts,@rascalflatts
Carrie Underwood,@carrieunderwood
George Strait,@GeorgeStrait
Alabama,@TheAlabamaBand
Ronnie Milsap,@ronniemilsap
Vince Gill,@VGcom
Alan Jackson,@OfficialJackson
Brad Paisley,@BradPaisley
Reba,@reba
Miranda Lambert,@mirandalambert
K A C E Y,@KaceyMusgraves
Joseph Kahn,@JosephKahn
Shane Mcanally,@shanemcanally
Little Big Town,@littlebigtown
Brett Eldredge,@bretteldredge
Tim Mcgraw,@TheTimMcGraw
Eric Church,@ericchurch
Darius Rucker,@dariusrucker
Luke Bryan,@LukeBryanOnline
Randy Travis,@randytravis
Willie Nelson,@WillieNelson
Lady A,@ladya
Brooks  Dunn,@BrooksAndDunn
Blake Shelton,@blakeshelton
Jason Aldean,@Jason_Aldean
Faith Hill,@FaithHill
Dolly Parton,@DollyParton
Dierks Bentley,@DierksBentley
Keith Urban,@KeithUrban
Martina Mcbride,@martinamcbride
Trisha Yearwood,@trishayearwood
Rascal Flatts,@rascalflatts
Kawhi Leonard,@kawhileonard
Klay Thompson,@KlayThompson
Tyson Chandler,@tysonchandler
Derek Fisher,@derekfisher
Jason Thompson,@jtthekid
Shaq,@SHAQ
Michael Stewart,@bigyog4
Dwight Howard,@DwightHoward
Kevin Johnson,@KJ_MayorJohnson
Chris Bosh,@chrisbosh